"replicate","max_LRT","argmax_breakpoint_m","n_singular","n_warn"
1,0.710566015986501,0.57,0,0
2,0.417682285191859,0.54,0,0
3,1.61991343347711,0.28,32,0
4,1.32904133873086,0.22,34,1
5,2.26149693345326,0.25,0,0
6,7.04680622369176,0.23,0,0
7,0.561458648104008,0.51,0,0
8,8.77588351639724,0.21,26,1
9,3.32290722823524,0.42,0,1
10,4.13356230668421,0.24,0,1
11,2.63174763852192,0.33,15,0
12,2.08943275771264,0.29,0,0
13,5.40343093048409,0.21,0,0
14,5.96586470315208,0.3,35,1
15,2.67581305623446,0.56,41,0
16,0.549733765003566,0.51,11,1
17,2.42904593421542,0.27,0,4
18,0.563871800743641,0.35,35,0
19,3.10293253340456,0.36,15,1
20,2.73135493930681,0.25,0,1
21,0.174310863182882,0.31,26,0
22,3.60782192715828,0.38,0,0
23,0.599715255700858,0.25,37,0
24,1.65733453934388,0.58,0,0
25,2.2134331581783,0.6,0,0
26,1.89396999516953,0.22,0,0
27,0.568388593234886,0.29,35,0
28,0.696387240233548,0.6,0,1
29,0.889983548631676,0.57,18,1
30,0.200563621837205,0.34,20,0
31,1.24575956947729,0.59,14,2
32,0.507078738312657,0.6,11,1
33,0.356927400418499,0.39,15,0
34,0.648492907246236,0.5,28,0
35,1.26923196258707,0.24,0,1
36,2.45780124810653,0.39,0,0
37,3.9276427402757,0.22,0,0
38,1.39973846855264,0.2,0,5
39,3.97759675158386,0.24,0,0
40,0.448777732641133,0.42,23,0
41,6.25011877059262,0.22,26,1
42,1.06013103163673,0.47,22,1
43,0.793793709331112,0.51,0,1
44,1.94924271982325,0.2,0,0
45,6.89239430772523,0.23,26,0
46,0.670343439535145,0.59,41,0
47,1.30697959958945,0.57,4,3
48,5.78660392941777,0.39,30,0
49,0.842942687348227,0.35,0,1
50,3.40463148454853,0.25,0,0
51,0.487746438338093,0.24,0,0
52,2.612072374143,0.47,0,0
53,1.91351997305674,0.6,32,0
54,2.320377561599,0.56,39,0
55,1.54226785526885,0.23,0,0
56,6.01584453361045,0.55,0,4
57,2.07908916034501,0.53,0,27
58,5.37056883166997,0.37,40,0
59,2.05134695308016,0.2,0,0
60,0.45922567308412,0.24,38,1
61,1.52699914597474,0.25,0,0
62,0.887053067075954,0.2,0,0
63,3.26278582851046,0.6,19,0
64,2.41266705056347,0.49,27,0
65,0.28134910016729,0.48,0,0
66,0.426449839383338,0.58,15,2
67,1.43337669882862,0.59,1,22
68,3.7770303952201,0.2,0,1
69,0.969169994326876,0.6,33,0
70,3.58119820027287,0.22,0,0
71,1.95409677898499,0.58,0,4
72,2.53266121213869,0.6,3,8
73,3.38371209098568,0.24,0,1
74,2.66666871568896,0.6,0,0
75,0.935395557118,0.2,0,0
76,3.07185512368255,0.5,0,0
77,0.310356993669643,0.39,0,0
78,8.7150058812656,0.27,0,0
79,0.76268945657273,0.55,21,2
80,1.77651736978919,0.3,28,0
81,2.56465444682698,0.5,0,0
82,0.935270198600506,0.37,0,0
83,8.48312904684661,0.2,0,0
84,3.41977558549695,0.53,30,0
85,0.188421965850466,0.2,19,1
86,0.700553936754432,0.5,9,3
87,0.842949485933786,0.21,1,2
88,2.4309031117906,0.31,0,1
89,1.45111161013506,0.55,12,6
90,3.2371912801475,0.2,22,16
91,1.18191870920452,0.57,34,1
92,7.88954180117219,0.57,41,0
93,1.28391454537791,0.2,1,8
94,0.407083445413377,0.21,4,2
95,0.832452291185177,0.6,36,0
96,0.371366155173178,0.43,41,0
97,0.690716559334646,0.6,0,0
98,0.329720327152245,0.25,0,0
99,1.38814810374009,0.42,0,0
100,1.78367259566744,0.22,30,0
101,1.02130304577508,0.38,0,0
102,0.721603665745874,0.2,22,1
103,0.888309339828538,0.53,0,8
104,1.63330560853251,0.2,36,1
105,0.800380388799908,0.5,34,1
106,0.684017656057108,0.33,4,2
107,0.509111377432873,0.2,0,0
108,3.80008063335794,0.2,0,0
109,1.22926698714252,0.2,0,0
110,5.26512080624309,0.2,30,5
111,7.00159143255189,0.29,0,1
112,2.78982541460607,0.27,0,4
113,1.62170969513033,0.59,32,0
114,1.27508380984659,0.22,8,3
115,2.23561255726395,0.59,13,2
116,8.778814344637,0.55,0,0
117,5.98904416023663,0.2,0,0
118,0.814825282715333,0.35,0,0
119,0.787861038219262,0.2,41,0
120,1.45513865338262,0.6,6,5
121,0.191689229464373,0.6,0,0
122,2.51709646324525,0.35,14,0
123,1.93865315626726,0.59,0,3
124,2.57111105447132,0.6,13,0
125,2.25402641414871,0.38,0,0
126,1.32696720006959,0.51,0,0
127,1.29585191083612,0.23,0,0
128,0.969766268182525,0.22,1,10
129,1.67406145697623,0.36,0,0
130,0.957988677563776,0.33,0,1
131,4.89770943187693,0.57,27,1
132,0.636296612208866,0.2,0,1
133,2.84892241108867,0.6,32,0
134,5.10286218640044,0.6,14,2
135,3.71432842468005,0.5,0,0
136,1.22979934478417,0.6,0,3
137,1.55370284030596,0.2,0,0
138,3.62213119086368,0.23,0,0
139,0.738413007819418,0.2,17,2
140,1.80578025796331,0.56,0,1
141,1.88318403922176,0.55,26,0
142,3.56110066380654,0.2,4,7
143,2.21140119163971,0.6,0,20
144,1.08975476020885,0.6,0,0
145,1.04815633289979,0.24,0,0
146,2.79505061736052,0.26,0,1
147,6.35481245805761,0.6,0,0
148,0.234249047117373,0.21,12,3
149,1.4468831989069,0.38,0,0
150,1.56824210028839,0.39,20,1
151,1.58991641711646,0.6,40,0
152,1.4596813875205,0.6,0,0
153,2.04080472029682,0.3,0,2
154,5.53488747358017,0.4,0,0
155,1.57644240228888,0.6,36,0
156,1.42045964755982,0.2,39,0
157,1.52193568253267,0.56,31,0
158,7.54839706609687,0.43,0,0
159,0.23980097637741,0.6,41,0
160,0.558730364617986,0.21,0,0
161,8.26771495919451,0.33,0,0
162,1.71073303720482,0.31,35,0
163,4.40291237183874,0.24,0,1
164,1.91476222280596,0.54,0,0
165,1.47902400870356,0.25,0,0
166,2.8263074877259,0.2,29,0
167,0.270527385552839,0.42,25,0
168,2.04200159153146,0.6,29,0
169,3.99294661843351,0.35,3,2
170,2.7669940038279,0.35,0,2
171,0.811104569831173,0.47,0,4
172,4.93770827302478,0.53,0,0
173,2.23543956477579,0.6,0,0
174,1.91971464200907,0.2,0,3
175,1.19977003415124,0.39,0,1
176,0.400773584502417,0.3,41,0
177,0.289270986913834,0.39,0,0
178,2.16717205452784,0.38,0,0
179,4.68543921265086,0.2,0,2
180,5.38709239504931,0.49,0,0
181,0.427521913222336,0.25,0,1
182,1.61847163619058,0.2,12,2
183,2.83807251563076,0.36,0,0
184,6.05384270034699,0.58,0,1
185,2.66393969116604,0.6,0,0
186,2.18813626650683,0.6,0,0
187,3.15963127260193,0.25,24,2
188,1.10230317281173,0.6,0,0
189,7.42157992791067,0.45,0,0
190,0.991446585782569,0.43,0,0
191,1.25066120772078,0.55,8,1
192,2.49280207275615,0.56,19,2
193,2.17975252433916,0.28,0,2
194,1.14813713745696,0.53,0,0
195,2.04321968493923,0.25,0,0
196,0.359932935058964,0.33,0,1
197,2.66452753115914,0.44,0,0
198,1.30858474261947,0.2,0,0
199,1.5693008947469,0.58,41,0
200,1.03022460202544,0.35,0,0
201,1.78465905166911,0.34,0,0
202,1.65230754250899,0.55,35,2
203,2.33273192136483,0.51,41,0
204,0.81366444151331,0.39,0,0
205,1.54276372781783,0.45,0,0
206,1.7014381781355,0.38,32,0
207,1.77968648262561,0.2,15,1
208,0.468321834795688,0.54,9,2
209,7.41457834432674,0.6,0,2
210,0.923880545845122,0.23,0,0
211,3.47998905971161,0.51,0,0
212,4.74556070615824,0.48,33,2
213,0.790775885710332,0.6,11,3
214,10.9499110944422,0.58,40,0
215,3.7427307077777,0.47,0,2
216,3.12334486987754,0.21,31,0
217,1.10707089367571,0.2,0,0
218,1.66744084964165,0.23,0,0
219,10.4280546199939,0.25,1,12
220,0.452177872693767,0.28,0,0
221,5.23337423894861,0.45,0,0
222,1.45528844307808,0.2,1,3
223,1.19954887352299,0.6,10,12
224,0.854229308588401,0.6,27,0
225,0.839544816146372,0.29,30,0
226,0.0806990244759049,0.27,0,0
227,0.647161275634062,0.31,0,0
228,0.793544358838858,0.35,0,0
229,0.807367999948212,0.51,0,1
230,1.34893840524319,0.25,41,0
231,0.557026454185916,0.22,0,0
232,1.74151319152747,0.21,32,1
233,1.30076946592965,0.2,0,1
234,0.954094967421383,0.28,0,0
235,2.70225258324331,0.53,37,1
236,3.06698701573498,0.43,0,0
237,3.34863747226086,0.52,32,0
238,7.3148609800827,0.47,0,0
239,0.543178324116639,0.24,0,1
240,3.56192470337749,0.22,0,5
241,0.66008710009919,0.54,0,0
242,4.07321176853077,0.55,20,0
243,1.50395321693134,0.36,40,0
244,1.61530000687492,0.2,0,0
245,3.27554685796702,0.47,21,0
246,1.65266476102408,0.2,0,1
247,1.08002765776814,0.23,27,2
248,2.36003566765248,0.25,19,2
249,0.551277361590451,0.28,0,23
250,2.50139730108026,0.25,0,0
251,2.74100541821167,0.4,0,17
252,0.832490181064031,0.2,0,0
253,0.626424858032749,0.2,0,1
254,2.29587171074894,0.6,0,0
255,0.367855187077396,0.38,24,0
256,0.903800761587547,0.5,0,0
257,1.39329025600341,0.26,0,0
258,4.56413449678422,0.25,14,0
259,2.33948808374828,0.32,17,0
260,0.74228842090406,0.2,41,0
261,2.02667434967509,0.51,0,3
262,2.04221026004802,0.2,28,1
263,1.26228326005315,0.34,0,0
264,1.61333527284165,0.6,0,0
265,4.23818610712408,0.39,0,1
266,3.10345202009478,0.3,0,0
267,2.3947911024253,0.33,0,1
268,1.04539059536933,0.6,33,0
269,2.03156991932514,0.51,0,0
270,3.48069744473861,0.23,0,1
271,0.24170916911703,0.53,0,0
272,1.22246571939195,0.27,1,9
273,1.55242202065233,0.21,23,0
274,1.53241006839016,0.39,0,0
275,6.65133864063637,0.6,0,0
276,0.797583114522013,0.59,41,0
277,2.83893425915215,0.27,41,0
278,2.71135939100725,0.33,0,0
279,1.41023085496658,0.26,0,0
280,1.59824516799688,0.43,37,0
281,0.358841652810611,0.54,6,0
282,6.13589205867999,0.6,36,0
283,1.22957316650491,0.2,0,1
284,0.50467760750621,0.33,28,0
285,0.113951637042078,0.5,0,0
286,4.14546870922072,0.27,38,0
287,2.07134966590695,0.44,0,0
288,1.18357737755332,0.52,36,0
289,0.253534370045315,0.37,41,0
290,3.08791833457872,0.56,12,0
291,3.58143964454899,0.22,32,1
292,0.297226999519353,0.36,0,0
293,0.294689573751043,0.3,31,1
294,1.30537751372503,0.2,28,2
295,12.2140106981311,0.33,0,0
296,3.4820076068886,0.33,0,0
297,0.521066550457135,0.36,0,0
298,2.64900784747977,0.2,11,8
299,4.02779942805898,0.2,0,0
300,0.208665338252104,0.43,0,0
301,1.22985105120631,0.56,41,0
302,0.24150249320769,0.28,0,0
303,4.06257786002982,0.2,1,1
304,2.13553143653326,0.2,0,1
305,0.68293061552788,0.53,0,0
306,3.39738570951079,0.6,0,0
307,0.604369015441875,0.54,22,0
308,0.660236781394474,0.55,0,0
309,0.748017321173222,0.27,0,2
310,4.81690516128378,0.6,0,2
311,0.935274419583209,0.6,36,0
312,0.158938041388751,0.25,33,0
313,5.77928392634715,0.52,0,0
314,2.41475303020923,0.54,0,0
315,7.77206643034788,0.21,0,0
316,1.38218246798624,0.2,41,0
317,1.14236324789351,0.6,0,3
318,0.787718336208968,0.51,3,2
319,2.73558443071556,0.2,0,0
320,5.16869917286635,0.33,0,0
321,2.07354988352608,0.2,6,6
322,2.82710890338922,0.3,31,1
323,1.45771963468218,0.47,0,1
324,1.07893042462536,0.21,0,0
325,1.7891589663015,0.57,20,1
326,7.74585481592953,0.58,0,0
327,3.25493632360394,0.26,0,2
328,0.157361398797661,0.22,0,0
329,0.635136084470105,0.2,0,0
330,1.06308579836127,0.49,1,4
331,3.04158418444285,0.52,39,0
332,4.63476454932379,0.25,0,1
333,3.10190764822244,0.23,32,0
334,2.00591568580637,0.3,0,0
335,1.98278460164829,0.39,0,0
336,2.45895091537898,0.2,31,0
337,6.37359597256767,0.35,0,1
338,3.9306904443979,0.2,26,0
339,2.08492014233741,0.2,0,11
340,0.759717250066728,0.34,0,0
341,0.560121906439804,0.2,30,1
342,0.378351493552373,0.6,41,0
343,0.640332131286641,0.23,0,0
344,2.70344861129468,0.6,3,4
345,0.638998141529328,0.6,0,0
346,2.06978494761927,0.6,0,0
347,0.790457566899022,0.33,0,0
348,3.45989877053535,0.43,0,0
349,2.0742979865488,0.24,0,0
350,1.26445567187915,0.51,0,3
351,1.07731232044864,0.6,0,4
352,0.940944126783734,0.6,0,0
353,6.16591127259187,0.23,0,0
354,4.84305319666817,0.56,0,0
355,5.61179319586518,0.2,17,4
356,6.96425756935747,0.5,41,0
357,0.883879659507102,0.25,0,2
358,0.30662080073364,0.47,0,1
359,0.250449041563229,0.21,0,1
360,0.64120467164463,0.56,0,2
361,1.42094987330216,0.21,0,0
362,3.3289336177528,0.2,0,0
363,3.66712122096965,0.23,36,0
364,0.918703882731847,0.22,19,0
365,0.354821879275278,0.2,0,0
366,0.909464286801267,0.6,0,2
367,0.298943420613227,0.6,7,2
368,1.2601857903295,0.55,21,22
369,0.340055796972138,0.53,0,1
370,0.374760250960662,0.49,0,0
371,1.14665454816668,0.34,18,1
372,3.39608924074372,0.2,0,1
373,0.30583396810465,0.6,39,0
374,4.30543955377686,0.47,0,0
375,1.31765451858837,0.2,0,0
376,5.23505298220437,0.25,10,3
377,2.98424310306888,0.47,0,0
378,6.3677303660736,0.2,0,0
379,4.20287529680354,0.34,0,0
380,0.828289978088264,0.31,0,1
381,8.4829392499413,0.37,0,1
382,2.55810216575526,0.2,0,1
383,1.53705717137211,0.53,0,0
384,1.8962192936159,0.51,17,4
385,0.533129362196973,0.43,35,6
386,1.45978848336358,0.52,26,16
387,2.63255595385601,0.28,40,0
388,0.838665300237608,0.55,0,0
389,5.09858519056678,0.25,27,0
390,0.621563991251492,0.29,0,1
391,1.08670189128293,0.34,41,0
392,0.683422483494894,0.24,0,0
393,3.9753251955575,0.55,0,0
394,1.80800007195933,0.23,0,2
395,5.17818668160885,0.6,0,1
396,2.73877158096309,0.2,0,0
397,1.0231643830931,0.26,0,0
398,8.359387599623,0.29,0,0
399,6.00324909827907,0.3,27,0
400,1.45815729658113,0.6,0,2
401,2.90121760301668,0.42,33,10
402,1.7828969020735,0.2,24,0
403,2.11486407707355,0.6,4,2
404,1.87869965970413,0.5,0,0
405,1.29027338608387,0.47,0,2
406,0.72314488237248,0.56,35,0
407,5.38934619063718,0.28,6,3
408,0.672810153404612,0.58,0,0
409,1.87807949889526,0.55,0,0
410,1.48156593953172,0.28,20,0
411,2.9354391665272,0.6,0,0
412,1.91903216355354,0.22,33,3
413,0.23443227412838,0.31,0,0
414,1.75610974518167,0.6,0,0
415,0.848711352271948,0.24,0,0
416,2.93377237155499,0.45,5,15
417,0.465034959971092,0.21,10,1
418,3.31319164653632,0.6,2,6
419,1.85103093465614,0.49,0,1
420,3.39516302752054,0.6,33,0
421,0.120521309422998,0.6,0,2
422,2.64853001769222,0.54,0,1
423,0.404945101639896,0.57,30,0
424,1.94397386152582,0.34,27,2
425,6.12023923126299,0.2,41,0
426,18.283854382244,0.25,31,0
427,5.13964156455893,0.6,41,0
428,5.04344603976017,0.41,0,20
429,2.31067120977804,0.6,41,0
430,0.756659047831363,0.54,40,0
431,2.91241186583443,0.41,0,0
432,1.45607032752537,0.2,0,1
433,0.856333014563518,0.6,18,2
434,3.73407248628246,0.26,26,1
435,1.55754814317396,0.57,0,0
436,0.881175839025673,0.6,0,0
437,0.236714887564744,0.51,0,1
438,2.07163813967196,0.6,0,0
439,1.10657758618015,0.6,27,1
440,2.60965962499631,0.55,0,0
441,2.97714283946755,0.47,1,21
442,0.741505023332707,0.57,12,0
443,1.2018462705945,0.27,0,0
444,1.26370742583401,0.37,25,3
445,1.63065681529633,0.51,0,1
446,0.739072893023604,0.39,22,2
447,2.34633320945841,0.26,0,0
448,3.17330658730452,0.3,0,0
449,2.47550682543977,0.59,36,0
450,0.811500373554168,0.2,35,0
451,3.7549284301806,0.21,0,0
452,2.58084552557807,0.57,10,4
453,2.14877034872165,0.41,0,0
454,1.04371844862845,0.2,0,0
455,1.51840898034561,0.31,0,0
456,3.20570321206083,0.43,21,3
457,2.13702160866831,0.6,37,0
458,1.55909688054783,0.45,0,0
459,1.81101580935092,0.33,0,0
460,1.92056665835878,0.21,0,1
461,0.810913282989873,0.47,33,0
462,0.782423206738258,0.49,0,0
463,2.97492901279429,0.31,0,0
464,4.02403134256076,0.3,0,0
465,1.3106560447477,0.6,0,0
466,1.63837165676227,0.2,0,0
467,11.0827340729477,0.29,28,0
468,0.552777880575377,0.6,0,0
469,2.49357193098911,0.53,41,0
470,1.66467439323833,0.37,6,3
471,4.73130128232242,0.2,0,0
472,3.51379528391419,0.38,0,0
473,0.917565940419763,0.25,0,11
474,1.58554873418751,0.2,34,0
475,3.94131153277954,0.52,0,1
476,2.14059746507695,0.35,12,1
477,2.50253024179233,0.21,0,0
478,1.42785744217554,0.58,4,0
479,1.68727626103623,0.29,24,0
480,3.10847965821779,0.2,0,0
481,1.67374726335436,0.2,0,0
482,2.92349632472815,0.53,0,0
483,6.09460990147716,0.28,33,1
484,1.11445146625715,0.21,8,0
485,1.04676258137704,0.5,0,0
486,0.8706448830211,0.6,36,0
487,6.37276518542149,0.4,31,0
488,1.26310610083226,0.3,0,0
489,0.566012849849585,0.52,0,0
490,1.11686861185888,0.46,27,0
491,4.45346728143022,0.59,0,1
492,2.26535418020694,0.56,0,2
493,1.2253018188577,0.6,0,0
494,0.426286460033623,0.33,35,0
495,2.05432790919235,0.47,0,0
496,1.13235691545452,0.3,31,1
497,2.83909494162299,0.2,1,15
498,1.84189820072913,0.31,0,0
499,1.34216630260266,0.33,31,0
500,1.10642421116756,0.58,0,0
501,0.427206054367275,0.52,0,0
502,2.60876252948481,0.51,0,0
503,2.0680201268998,0.24,25,0
504,5.73460191102129,0.6,22,0
505,4.97370056269273,0.59,30,1
506,3.75627987257946,0.52,0,0
507,0.575637230559437,0.6,0,0
508,5.64539812239184,0.6,34,6
509,4.89746036110284,0.24,0,26
510,1.16769441302984,0.44,27,2
511,6.97406895684617,0.26,22,0
512,1.89825170376764,0.26,13,2
513,3.93606553515627,0.32,0,0
514,0.750981914675435,0.21,34,6
515,2.02642549893585,0.2,0,0
516,0.695617017936911,0.31,0,0
517,1.05826507498443,0.51,23,0
518,3.11822904186272,0.59,0,0
519,1.73353657785049,0.36,30,0
520,5.08559920628744,0.58,0,0
521,1.01968232165893,0.54,0,0
522,3.41454178729668,0.6,0,4
523,1.46759193781202,0.46,33,0
524,2.29523802348285,0.55,0,1
525,2.2767734063716,0.3,0,0
526,1.82524582741206,0.2,0,3
527,1.23127458553773,0.4,0,1
528,0.963816912851541,0.39,0,0
529,2.27130207854555,0.2,37,0
530,3.05108846521819,0.33,0,1
531,2.90638608657719,0.33,22,0
532,6.50446419885407,0.21,1,5
533,0.29849053133853,0.2,0,0
534,1.36356195633778,0.6,0,6
535,2.19804402439615,0.2,30,0
536,4.18410022384444,0.2,1,7
537,3.21868141469884,0.2,0,4
538,0.0873110354127675,0.23,0,1
539,4.07774759676431,0.6,0,5
540,1.05789609664407,0.51,32,0
541,9.06694376740404,0.59,0,0
542,0.23460169350767,0.46,31,1
543,0.31927485707854,0.24,0,1
544,2.06120522213394,0.57,26,1
545,6.0401615695688,0.2,0,0
546,1.46324282302021,0.28,0,0
547,1.48980129761111,0.38,0,3
548,0.874729013711544,0.41,0,0
549,1.5168039519927,0.6,7,1
550,4.25070334705379,0.4,0,0
551,1.02797586232521,0.24,41,0
552,1.71420658769637,0.33,0,2
553,1.89112051325435,0.6,0,1
554,7.30691396203781,0.2,36,0
555,1.47357302907142,0.24,0,0
556,5.05760574963131,0.33,4,0
557,10.9368893950532,0.38,0,0
558,0.568827195261065,0.51,0,0
559,1.74724660030785,0.6,0,0
560,1.62912611639587,0.24,38,1
561,2.00375128068032,0.27,24,2
562,2.33802705370306,0.2,34,1
563,5.26351544507986,0.53,32,0
564,3.99400904345077,0.23,27,7
565,0.471857117371201,0.2,0,3
566,5.22310662153279,0.41,0,0
567,1.33482684989076,0.23,37,0
568,2.1702778480697,0.39,0,0
569,2.22977045366292,0.4,0,0
570,0.813350353384294,0.58,7,1
571,0.308860387243385,0.37,18,0
572,6.45836514703478,0.59,0,0
573,0.881355110779396,0.2,32,1
574,5.72545561729657,0.53,41,0
575,1.75977872578244,0.37,0,0
576,1.20249713536953,0.6,6,4
577,2.52362934031623,0.2,0,0
578,2.09374222218787,0.46,41,0
579,2.39495206604954,0.24,0,0
580,0.798546363761261,0.3,0,2
581,3.98821618835558,0.22,0,2
582,0.590477949666138,0.21,0,0
583,1.17894950765424,0.51,0,1
584,3.33748548684952,0.47,35,0
585,2.78135215305872,0.45,0,1
586,2.33875780977627,0.52,0,0
587,2.28590593327021,0.37,0,0
588,9.79889254641319,0.57,0,1
589,1.50887134276206,0.45,33,0
590,2.1744016609681,0.36,23,1
591,1.56221937939722,0.27,0,0
592,1.18972136022046,0.27,27,1
593,1.29041854260112,0.2,0,0
594,1.7958077759971,0.38,0,1
595,1.16248032439682,0.39,27,0
596,0.361257957046007,0.49,0,5
597,5.12971771317871,0.6,32,1
598,5.92331189936993,0.27,0,2
599,2.17103377693786,0.31,0,0
600,0.609293161223945,0.28,0,0
601,0.302175139467749,0.59,1,30
602,0.435908898614798,0.4,0,0
603,0.280081156521646,0.23,0,0
604,6.18770198947061,0.47,7,6
605,0.888643809745759,0.24,0,9
606,1.29081528996107,0.6,7,21
607,5.11574929027097,0.24,0,1
608,0.34034050033182,0.5,0,0
609,0.603778032218656,0.58,0,0
610,2.08225182993408,0.2,0,0
611,2.18704866260873,0.2,0,0
612,3.13239956812583,0.55,0,0
613,1.38278977676572,0.35,4,4
614,1.29655778998097,0.5,40,0
615,1.67253549610371,0.51,0,0
616,1.63019247371471,0.38,0,0
617,2.66796481978952,0.38,0,0
618,1.28521483731822,0.2,3,4
619,4.02472179970982,0.43,0,0
620,0.624635947418255,0.57,0,12
621,1.9815449214351,0.22,0,0
622,5.75559204979061,0.59,17,21
623,1.06558165224362,0.2,32,0
624,1.76473649073182,0.23,0,0
625,7.40028919833503,0.24,1,1
626,6.20060660281956,0.28,0,0
627,0.397262384638452,0.24,0,0
628,2.13727605593698,0.51,14,22
629,2.23979933441592,0.46,35,0
630,3.12436866942215,0.22,28,10
631,1.00109609810011,0.59,0,0
632,1.32012940915473,0.2,0,4
633,1.33407243352929,0.53,0,0
634,4.31905777462384,0.56,0,19
635,0.499298652475204,0.36,0,0
636,1.93678871826353,0.22,0,0
637,0.756064867691066,0.6,41,0
638,3.90789440734306,0.57,0,0
639,0.613416030389089,0.2,17,0
640,1.41575092706159,0.6,0,1
641,0.590464442194161,0.21,0,0
642,0.74164570797393,0.56,6,2
643,0.922495007771772,0.22,5,3
644,4.47021308169019,0.29,14,11
645,1.32248360183507,0.4,41,0
646,0.548620880739236,0.6,0,0
647,1.48283890478535,0.3,0,1
648,0.876997926599756,0.29,0,1
649,1.63536555352186,0.23,0,0
650,2.25924285794025,0.57,0,0
651,1.57801040855156,0.2,0,0
652,0.919143241825964,0.32,31,0
653,3.10125535738939,0.23,3,11
654,3.6583143439633,0.27,0,0
655,3.20691820128638,0.33,0,1
656,4.45993953309556,0.55,0,0
657,0.39973208092772,0.56,0,0
658,2.05994450499526,0.47,0,0
659,3.87128468014294,0.31,38,0
660,2.03588964998897,0.25,0,1
661,2.24978004299277,0.2,41,0
662,1.61303640840151,0.38,20,2
663,1.12408439623096,0.33,0,0
664,1.33373579999011,0.24,39,0
665,0.698543602140717,0.49,0,0
666,0.0660952325492872,0.2,19,0
667,8.38788089493346,0.6,36,0
668,1.20975073124316,0.2,0,1
669,2.85624192875093,0.2,12,1
670,0.432709023760253,0.36,0,0
671,0.393445365039156,0.2,0,0
672,6.90772343082722,0.56,0,1
673,1.04408604217281,0.3,25,0
674,0.976444911895328,0.51,30,0
675,1.11091357657995,0.52,0,0
676,7.92889319737526,0.23,40,0
677,1.16725758628536,0.56,20,2
678,1.93173699689009,0.55,0,0
679,6.43859537363574,0.41,0,0
680,2.08200049441166,0.38,30,0
681,0.510047044899579,0.34,5,0
682,1.10295452825505,0.47,0,0
683,7.1766655199001,0.48,0,1
684,2.6219037966373,0.6,0,4
685,2.59574860276518,0.21,0,0
686,7.49266827824653,0.6,0,0
687,1.29315112838015,0.36,0,0
688,2.78904607332129,0.57,33,0
689,1.90190413213236,0.52,24,1
690,1.6739416050309,0.39,0,0
691,2.04919710742939,0.24,15,0
692,2.41824962872829,0.6,0,0
693,2.33812257144973,0.6,22,1
694,0.480428038085279,0.5,5,5
695,4.77805135634128,0.29,0,0
696,3.15352002524963,0.25,0,1
697,0.715481699857492,0.2,28,0
698,1.66107847050307,0.46,0,0
699,3.86132393426794,0.37,0,0
700,0.839129389213781,0.6,0,0
701,0.522840679105343,0.48,17,1
702,0.363370504010049,0.45,0,1
703,2.72970245872136,0.2,24,1
704,3.94992600127557,0.6,0,0
705,2.30103226804658,0.59,9,2
706,0.842583125751503,0.39,32,2
707,0.471289175249581,0.21,0,0
708,3.98548196426168,0.2,21,0
709,1.23197870306421,0.37,30,0
710,1.79409151071059,0.55,0,0
711,0.163014100871237,0.21,36,0
712,2.01331589660379,0.28,0,0
713,0.74331326513493,0.53,1,6
714,3.18401553108185,0.36,0,0
715,0.537205779785495,0.29,41,0
716,0.850839718003044,0.29,41,0
717,2.3523101032763,0.45,8,9
718,0.894691106836774,0.2,0,1
719,3.35883336906795,0.6,35,0
720,1.88673590240114,0.29,34,0
721,3.61642530308529,0.25,33,4
722,1.1600792988288,0.33,32,2
723,0.867961315633863,0.57,2,8
724,0.961767089009072,0.27,22,0
725,3.07358559716351,0.38,21,0
726,0.706533399637351,0.58,0,0
727,1.83589627042534,0.48,0,1
728,0.537573288014187,0.24,0,0
729,1.12444655749255,0.5,21,2
730,5.01616390669676,0.2,0,0
731,0.807373679563511,0.59,0,0
732,4.52603509211053,0.6,30,0
733,3.13525337648855,0.21,0,0
734,0.26064177635044,0.25,0,0
735,0.805887562807413,0.51,0,1
736,0.28840093025093,0.36,0,4
737,0.739467425912153,0.24,0,7
738,1.47056691005218,0.46,28,0
739,4.89236820938095,0.38,41,0
740,4.10020695244737,0.33,41,0
741,1.94595402200184,0.51,0,0
742,0.472224007478701,0.2,0,0
743,0.324433998652694,0.22,35,0
744,1.12567130767184,0.38,0,0
745,1.29502968474992,0.2,0,5
746,1.22972293302939,0.43,31,0
747,3.6172563708343,0.2,39,1
748,1.76519576266048,0.35,30,0
749,2.46965846322337,0.6,0,0
750,0.345222520704397,0.6,0,0
751,3.842904112361,0.43,0,0
752,2.61573852022968,0.26,0,0
753,1.66546013969833,0.26,28,0
754,9.32802118403265,0.57,0,0
755,1.79821777220673,0.2,0,0
756,1.80162402675614,0.2,24,1
757,11.6867965843228,0.6,4,4
758,0.918798909831764,0.2,32,0
759,2.00421193644462,0.24,10,1
760,0.987475931316112,0.6,0,0
761,5.93234240714594,0.22,0,0
762,5.78801921193781,0.6,40,1
763,1.16100589770281,0.58,39,1
764,1.25162652508595,0.29,37,0
765,2.54324842802862,0.6,0,0
766,12.8677222101276,0.58,0,0
767,1.22987914826638,0.5,0,0
768,0.779363815175202,0.44,41,0
769,4.396861535786,0.33,0,1
770,2.18857909668463,0.31,41,0
771,2.10982264278095,0.23,0,0
772,1.03800601994885,0.2,0,1
773,1.85952069832666,0.2,38,0
774,2.9211398878233,0.21,41,0
775,4.08326302499876,0.23,5,4
776,2.14703641856988,0.2,0,0
777,7.48598567634389,0.38,38,0
778,1.00403398093749,0.33,30,1
779,1.44191559286617,0.2,0,0
780,0.805437711352056,0.44,0,0
781,4.93750110919132,0.37,12,2
782,0.816588682003555,0.2,0,4
783,1.22197349172075,0.26,0,0
784,0.74149728834243,0.46,0,0
785,0.328502577299219,0.6,0,0
786,2.47725841655597,0.42,39,0
787,1.27448221970678,0.4,5,5
788,0.881503935467094,0.2,26,0
789,1.40251961635761,0.25,0,0
790,1.41869397438586,0.6,0,1
791,2.15494244434285,0.6,0,1
792,6.05083358776164,0.26,36,0
793,2.64684475905904,0.36,2,5
794,0.531573029222898,0.6,0,0
795,2.2907404938581,0.25,0,12
796,0.385339384020085,0.51,0,0
797,1.31719933709292,0.22,0,0
798,2.82503814562347,0.36,41,0
799,1.15960164815687,0.2,29,1
800,2.40092489727192,0.29,0,0
801,1.36726194212713,0.57,0,1
802,1.8613416235454,0.24,0,0
803,8.44853132022934,0.22,0,0
804,7.31480278550896,0.46,0,0
805,6.22139130811115,0.39,39,1
806,1.62467530870128,0.22,32,2
807,3.29451179701039,0.6,0,1
808,1.04684131204738,0.6,31,0
809,1.1945879811766,0.36,37,0
810,1.01036740626444,0.52,0,0
811,1.33617872139206,0.41,14,1
812,1.25718877908912,0.38,19,8
813,2.52717169730067,0.6,41,0
814,4.42787535083448,0.24,0,0
815,0.628934683895295,0.2,35,0
816,3.70842665730083,0.3,8,2
817,2.28400171452881,0.22,0,1
818,4.25914012684905,0.54,0,0
819,1.48221025117789,0.6,41,0
820,2.18783207719787,0.6,37,1
821,5.20829492672465,0.6,0,0
822,2.80595833128473,0.21,0,0
823,1.31496814146459,0.25,0,0
824,2.62761096623251,0.24,32,3
825,0.235266253807595,0.55,39,0
826,1.1108797707592,0.59,0,0
827,0.660456818432067,0.25,0,0
828,1.44247280496694,0.2,33,2
829,1.23908354474361,0.39,39,0
830,1.50874048908935,0.6,0,4
831,2.25318938947146,0.23,0,0
832,0.844780574248261,0.44,15,19
833,2.19368345617033,0.2,32,0
834,0.498655215099291,0.6,0,0
835,2.69510619666414,0.58,2,2
836,0.121186433926482,0.2,0,0
837,0.13350744312504,0.6,0,1
838,7.1372685143042,0.26,0,0
839,2.74483736793928,0.56,22,2
840,0.57125990260397,0.2,0,5
841,3.46081827594321,0.25,19,1
842,2.64818872708724,0.33,0,0
843,3.21683486011381,0.2,0,1
844,0.60149105917759,0.54,24,2
845,3.44855646531062,0.51,0,1
846,2.18071552479375,0.33,32,0
847,6.88922467102645,0.27,0,0
848,4.36331545502662,0.6,0,0
849,3.21764000825613,0.6,14,4
850,0.717687971085752,0.49,30,1
851,2.66117764843079,0.23,0,1
852,0.936431607384463,0.27,0,0
853,0.428365535783428,0.57,0,0
854,0.944620372007023,0.2,2,6
855,0.735638965625867,0.2,30,4
856,2.87762246457476,0.22,20,0
857,0.474957678982491,0.26,0,0
858,1.458552908863,0.48,31,1
859,1.46255138652123,0.2,0,1
860,5.6611260960434,0.6,0,0
861,3.68037202298808,0.29,0,0
862,0.747796153284071,0.42,0,0
863,0.830649870870502,0.6,0,1
864,5.77254427345952,0.52,0,0
865,1.0657082379563,0.41,0,0
866,2.72248027791045,0.56,0,0
867,3.97013177703428,0.22,0,0
868,1.13426389144058,0.25,6,3
869,0.463685761419754,0.2,0,1
870,0.308401110858767,0.45,0,0
871,1.01427613189139,0.21,38,0
872,5.02598201687755,0.36,0,1
873,1.29940721747039,0.38,0,1
874,3.5804488548481,0.2,22,0
875,2.33808908957917,0.6,41,0
876,1.9931247791485,0.23,0,14
877,1.11821048833485,0.6,0,0
878,3.85967428307811,0.56,12,2
879,0.32162881204556,0.5,16,0
880,2.07166582069726,0.51,24,0
881,1.77924845600432,0.36,0,0
882,0.362918375391018,0.56,18,2
883,1.51467048965094,0.51,5,9
884,3.61358972907897,0.6,0,0
885,2.00444397994033,0.46,33,0
886,1.79241453758948,0.3,0,0
887,2.1505121611608,0.26,0,1
888,11.9616010677325,0.37,0,0
889,3.44369995506463,0.31,29,0
890,3.4782290691021,0.29,1,2
891,1.90781893983853,0.22,0,0
892,0.943126693487102,0.23,28,1
893,3.5521402488306,0.2,36,0
894,3.09951494120844,0.6,0,0
895,1.42025384696058,0.44,0,0
896,0.575826184939388,0.39,41,0
897,1.74090758858853,0.54,0,1
898,1.39115108468059,0.33,0,0
899,2.2976471681892,0.27,16,7
900,0.51499012733882,0.21,0,0
901,1.35026154559728,0.58,39,0
902,1.10052787973893,0.27,0,0
903,0.543992747186962,0.25,19,4
904,0.643739685141782,0.59,0,0
905,0.623126549654614,0.32,41,0
906,2.2014509911283,0.6,0,0
907,3.18914347517074,0.2,0,1
908,6.59174173615611,0.39,0,0
909,8.16194923196753,0.29,0,0
910,3.24435428557422,0.59,0,0
911,7.17647578450317,0.57,31,0
912,1.20543497531355,0.45,4,6
913,0.479677265572946,0.25,35,1
914,2.65303103617509,0.23,0,1
915,0.330233604273531,0.6,0,0
916,1.28470596027199,0.21,0,0
917,5.33333138587449,0.58,0,0
918,3.45694146474045,0.6,0,0
919,2.76993963577002,0.52,0,0
920,4.44371997946462,0.6,30,0
921,4.54899865840071,0.52,0,0
922,6.04132744217827,0.32,0,2
923,2.17056105578513,0.52,39,1
924,0.993171297591175,0.2,41,0
925,2.28873272131057,0.23,0,1
926,2.31401550604812,0.23,25,1
927,6.73311789674665,0.28,0,0
928,2.70356746432776,0.22,10,2
929,1.18010544746392,0.6,0,1
930,2.6002066136399,0.35,33,0
931,4.59369116921562,0.59,26,0
932,1.42521670114206,0.2,0,0
933,2.61876903868313,0.6,36,2
934,1.43565128428554,0.59,28,1
935,0.283988953678318,0.34,8,1
936,0.67969483547995,0.6,35,0
937,4.18990398996777,0.54,32,0
938,1.01946413797725,0.6,0,0
939,0.0607738336382226,0.42,0,0
940,2.42527109602031,0.45,37,0
941,5.64798283624799,0.6,0,1
942,1.14936190101741,0.3,21,0
943,0.355897339508033,0.3,32,0
944,3.99941663515335,0.56,0,22
945,6.28602484790702,0.26,0,0
946,0.535993533769101,0.56,0,0
947,3.15903187045819,0.6,39,0
948,0.43101774878096,0.22,0,0
949,1.50163775072622,0.22,0,0
950,3.17822490807555,0.24,0,0
951,1.21470566169387,0.24,41,0
952,0.830752351827869,0.2,0,0
953,0.710457715722214,0.24,0,0
954,6.71737828222797,0.52,27,0
955,5.23973620841605,0.51,40,0
956,2.34257723671351,0.46,0,2
957,0.664333207540494,0.53,28,1
958,0.821856935378719,0.37,0,5
959,1.34889672375402,0.25,0,1
960,5.14106779559143,0.51,0,0
961,4.67681610642865,0.22,0,0
962,2.17783878409216,0.6,0,0
963,2.11613153323071,0.46,0,1
964,1.61191121609056,0.27,0,1
965,2.45460432975011,0.33,41,0
966,3.2512095001793,0.6,23,9
967,5.07704926305809,0.24,41,0
968,1.25501994967374,0.6,0,0
969,0.221747235746818,0.2,38,0
970,1.44714560498937,0.36,27,0
971,1.8556343618136,0.24,0,0
972,2.6580196006247,0.31,32,0
973,4.05716353440494,0.24,0,0
974,3.85676487608509,0.2,16,0
975,0.824605617099849,0.48,0,0
976,0.728705116363926,0.25,0,0
977,3.25042715100813,0.6,0,0
978,0.288774296653571,0.49,0,1
979,1.82611075737975,0.2,0,0
980,1.29157588854508,0.21,8,1
981,0.535130998479531,0.32,26,0
982,1.97858926122296,0.44,13,25
983,3.99455835189553,0.22,0,0
984,0.619411694127166,0.26,0,0
985,0.248035579642135,0.59,0,0
986,0.976570437773034,0.33,38,0
987,1.36369258910247,0.2,0,0
988,0.709171331546827,0.58,0,0
989,2.95589570505393,0.57,0,0
990,3.15796543642193,0.26,20,1
991,5.27251943167835,0.6,37,0
992,2.84915404303354,0.58,0,0
993,0.455509221588272,0.44,0,1
994,2.63597595064277,0.4,32,0
995,2.13969497537255,0.36,0,1
996,1.54195375362883,0.37,0,1
997,7.65697871056841,0.6,0,0
998,3.71198183908132,0.25,0,0
999,2.81843182371438,0.23,0,0
1000,0.31161316670898,0.6,30,0
