participantId,level,run_id,run_start,run_end,run_samples,run_duration,gap_to_next_s,gap_from_prev_s
P001,1,1,87.701,127.683,361,39.98200000000001,0.10999999999999943,NA
P001,2,2,127.793,168.297,374,40.50399999999999,0.10200000000000387,0.10999999999999943
P001,3,3,168.399,230.325,560,61.92599999999999,0.10099999999999909,0.10200000000000387
P001,4,4,230.426,277.312,423,46.886000000000024,0.11099999999999,0.10099999999999909
P001,5,5,277.423,338.057,547,60.634000000000015,0.11099999999999,0.11099999999999
P001,6,6,338.168,387.94,449,49.77199999999999,0.11200000000002319,0.11099999999999
P001,7,7,388.052,406.383,166,18.33099999999996,0.11000000000001364,0.11200000000002319
P001,8,8,406.493,494.044,789,87.55099999999999,0.11099999999999,0.11000000000001364
P001,9,9,494.155,522.82,259,28.665000000000077,0.10999999999989996,0.11099999999999
P001,10,10,522.93,548.152,228,25.222000000000094,0.11099999999999,0.10999999999989996
P001,11,11,548.263,590.703,383,42.43999999999994,0.11400000000003274,0.11099999999999
P001,12,12,590.817,643.145,472,52.327999999999975,0.11099999999999,0.11400000000003274
P001,13,13,643.256,682.253,352,38.99700000000007,0.11099999999999,0.11099999999999
P001,14,14,682.364,701.919,177,19.55499999999995,0.11000000000001364,0.11099999999999
P001,15,15,702.029,729.337,247,27.307999999999993,0.11099999999999,0.11000000000001364
P001,16,16,729.448,754.886,230,25.437999999999988,0.11099999999999,0.11099999999999
P001,17,17,754.997,770.441,140,15.444000000000074,0.11099999999999,0.11099999999999
P001,18,18,770.552,797.796,248,27.244000000000028,0.11099999999999,0.11099999999999
P001,19,19,797.907,862.348,581,64.44099999999992,0.11200000000008004,0.11099999999999
P001,20,20,862.46,887.237,224,24.77699999999993,0.11000000000001364,0.11200000000008004
P001,21,21,887.347,917.122,269,29.774999999999977,0.11000000000001364,0.11000000000001364
P001,22,22,917.232,969.759,474,52.527000000000044,0.1229999999999336,0.11000000000001364
P001,23,23,969.882,1079.271,991,109.38900000000001,0.10900000000015098,0.1229999999999336
P001,24,24,1079.38,1105.342,234,25.96199999999999,NA,0.10900000000015098
P002,1,1,223.652,269.982,420,46.33000000000004,0.1139999999999759,NA
P002,2,2,270.096,294.481,221,24.38499999999999,0.11000000000001364,0.1139999999999759
P002,3,3,294.591,336.728,381,42.137,0.1139999999999759,0.11000000000001364
P002,4,4,336.842,366.391,269,29.549000000000035,0.11099999999999,0.1139999999999759
P002,5,5,366.502,393.42,244,26.918000000000006,0.1099999999999568,0.11099999999999
P002,6,6,393.53,412.643,173,19.113,0.11100000000004684,0.1099999999999568
P002,7,7,412.754,486.233,664,73.478999999999985,0.10300000000000864,0.11100000000004684
P002,8,8,486.336,528.69,383,42.35400000000004,0.10999999999989996,0.10300000000000864
P002,9,9,528.8,556.643,252,27.843000000000075,0.11099999999999,0.10999999999989996
P002,10,10,556.754,619.902,571,63.148000000000025,0.11199999999996635,0.11099999999999
P002,11,11,620.014,646.529,240,26.514999999999986,0.11199999999996635,0.11199999999996635
P002,12,12,646.641,699.126,476,52.485000000000014,0.11099999999999,0.11199999999996635
P002,13,13,699.237,741.882,386,42.64499999999998,0.11200000000008004,0.11099999999999
P002,14,14,741.994,780.203,345,38.208999999999946,0.11200000000008004,0.11200000000008004
P002,15,15,780.315,829.951,449,49.63599999999997,0.11099999999999,0.11200000000008004
P002,16,16,830.062,891.682,556,61.620000000000005,0.11099999999999,0.11099999999999
P002,17,17,891.793,963.47,647,71.67700000000002,0.1129999999999427,0.11099999999999
P002,18,18,963.583,1068.576,953,104.99300000000005,0.10599999999999454,0.1129999999999427
P002,19,19,1068.682,1152.462,756,83.77999999999997,0.10999999999989996,0.10599999999999454
P002,20,20,1152.572,1186.554,307,33.9820000000002,0.10799999999994725,0.10999999999989996
P002,21,21,1186.662,1258.869,652,72.20699999999988,0.11100000000010368,0.10799999999994725
P002,22,22,1258.98,1365.476,961,106.4960000000001,0.11099999999987631,0.11100000000010368
P002,23,23,1365.587,1469.971,942,104.38400000000001,0.11200000000008004,0.11099999999987631
P002,24,24,1470.083,1543.731,664,73.64799999999991,NA,0.11200000000008004
P003,1,1,178.215,258.745,726,80.53,0.11099999999999,NA
P003,2,2,258.856,339.96,740,81.103999999999985,0.11299999999999955,0.11099999999999
P003,3,3,340.073,375.023,319,34.950000000000045,0.0999999999999659,0.11299999999999955
P003,4,4,375.123,414.764,360,39.64100000000002,0.11000000000001364,0.0999999999999659
P003,5,5,414.874,497.634,747,82.75999999999999,0.10899999999998045,0.11000000000001364
P003,6,6,497.743,526.328,263,28.58499999999998,0.11099999999999,0.10899999999998045
P003,7,7,526.439,586.855,548,60.416000000000054,0.11199999999996635,0.11099999999999
P003,8,8,586.967,608.328,198,21.36099999999999,0.11099999999999,0.11199999999996635
P003,9,9,608.439,636.772,256,28.333000000000084,0.11199999999996635,0.11099999999999
P003,10,10,636.884,681.575,405,44.69100000000003,0.10999999999989996,0.11199999999996635
P003,11,11,681.685,724.58,387,42.895000000000095,0.11099999999999,0.10999999999989996
P003,12,12,724.691,810.777,777,86.08600000000001,0.1069999999999709,0.11099999999999
P003,13,13,810.884,854.566,396,43.682000000000016,0.11099999999999,0.1069999999999709
P003,14,14,854.677,891.189,330,36.511999999999944,0.11200000000008004,0.11099999999999
P003,15,15,891.301,950.192,531,58.89099999999996,0.11199999999996635,0.11200000000008004
P003,14,16,950.304,973.99,217,23.686000000000035,0.11400000000003274,0.11199999999996635
P003,15,17,974.104,1004.219,272,30.11500000000001,0.11099999999999,0.11400000000003274
P003,16,18,1004.33,1038.607,311,34.27699999999993,0.11100000000010368,0.11099999999999
P003,17,19,1038.718,1055.964,159,17.245999999999867,0.10599999999999454,0.11100000000010368
P003,18,20,1056.07,1083.88,254,27.810000000000173,0.09999999999990905,0.10599999999999454
P003,19,21,1083.98,1095.785,110,11.805000000000064,0.10999999999989996,0.09999999999990905
P003,20,22,1095.895,1163.799,614,67.904,0.11100000000010368,0.10999999999989996
P003,21,23,1163.91,1209.026,407,45.115999999999985,0.11099999999987631,0.11100000000010368
P003,22,24,1209.137,1227.792,171,18.654999999999973,0.10800000000017462,0.11099999999987631
P003,23,25,1227.9,1264.707,338,36.807000000000016,0.11099999999987631,0.10800000000017462
P003,24,26,1264.818,1285.815,190,20.99700000000007,NA,0.11099999999987631
P004,1,1,115.018,138.905,216,23.887,0.10999999999998522,NA
P004,2,2,139.015,174.462,320,35.447,0.11000000000001364,0.10999999999998522
P004,3,3,174.572,195.528,190,20.95599999999999,0.11100000000001842,0.11000000000001364
P004,4,4,195.639,228.373,296,32.73399999999998,0.11100000000001842,0.11100000000001842
P004,5,5,228.484,262.168,311,33.684,0.10099999999999909,0.11100000000001842
P004,6,6,262.269,295.94,304,33.67099999999999,0.11099999999999,0.10099999999999909
P004,7,7,296.051,313.271,156,17.220000000000027,0.11199999999996635,0.11099999999999
P004,8,8,313.383,359.767,419,46.384000000000015,0.11200000000002319,0.11199999999996635
P004,9,9,359.879,395.989,326,36.10999999999996,0.11000000000001364,0.11200000000002319
P004,10,10,396.099,407.988,108,11.88900000000001,0.11099999999999,0.11000000000001364
P004,11,11,408.099,447.987,360,39.888000000000034,0.11099999999999,0.11099999999999
P004,12,12,448.098,461.652,123,13.553999999999974,0.11099999999999,0.11099999999999
P004,13,13,461.763,474.982,120,13.219000000000051,0.11299999999999955,0.11099999999999
P004,14,14,475.095,507.983,297,32.88799999999998,0.11099999999999,0.11299999999999955
P004,15,15,508.094,571.866,575,63.77199999999999,0.11300000000005639,0.11099999999999
P004,16,16,571.979,606.058,308,34.07899999999995,0.11199999999996635,0.11300000000005639
P004,17,17,606.17,638.835,295,32.66500000000008,0.11099999999999,0.11199999999996635
P004,18,18,638.946,683.387,401,44.44099999999992,0.11300000000005639,0.11099999999999
P004,19,19,683.5,700.803,157,17.302999999999997,0.11300000000005639,0.11300000000005639
P004,20,20,700.916,712.803,108,11.886999999999944,0.11099999999999,0.11300000000005639
P004,21,21,712.914,731.915,172,19.000999999999976,0.11099999999999,0.11099999999999
P004,22,22,732.026,754.689,205,22.66300000000001,0.10000000000002274,0.11099999999999
P004,23,23,754.789,780.536,233,25.746999999999957,0.11000000000001364,0.10000000000002274
P004,24,24,780.646,802.311,196,21.665000000000077,NA,0.11000000000001364
P005,1,1,123.124,174.931,471,51.807000000000016,0.10699999999999932,NA
P005,2,2,175.038,237.711,571,62.673,0.11099999999999,0.10699999999999932
P005,3,3,237.822,279.615,379,41.793000000000006,0.11199999999996635,0.11099999999999
P005,4,4,279.727,312.833,299,33.10600000000005,0.11099999999999,0.11199999999996635
P005,5,5,312.944,359.15,417,46.20599999999996,0.11100000000004684,0.11099999999999
P005,6,6,359.261,400.91,376,41.649,0.10899999999998045,0.11100000000004684
P005,7,7,401.019,427.352,238,26.33299999999997,0.11000000000001364,0.10899999999998045
P005,8,8,427.462,504.32,693,76.858,0.11000000000001364,0.11000000000001364
P005,9,9,504.43,571.801,611,67.37100000000004,0.11099999999999,0.11000000000001364
P005,10,10,571.912,582.91,100,10.997999999999934,0.11000000000001364,0.11099999999999
P005,11,11,583.02,629.574,420,46.553999999999974,0.11099999999999,0.11000000000001364
P005,12,12,629.685,724.108,851,94.423,0.11000000000001364,0.11099999999999
P005,13,13,724.218,757.396,300,33.178,0.11099999999999,0.11000000000001364
P005,14,14,757.507,821.788,588,64.28100000000006,0.11400000000003274,0.11099999999999
P005,15,15,821.902,858.777,333,36.875,0.11099999999999,0.11400000000003274
P005,16,16,858.888,879.775,189,20.886999999999944,0.11300000000005639,0.11099999999999
P005,17,17,879.888,898.206,166,18.317999999999984,0.11400000000003274,0.11300000000005639
P005,18,18,898.32,941.421,389,43.101,0.11099999999999,0.11400000000003274
P005,19,19,941.532,988.235,423,46.702999999999975,0.11000000000001364,0.11099999999999
P005,20,20,988.345,997.762,87,9.416999999999916,0.11100000000010368,0.11000000000001364
P005,21,21,997.873,1032.927,317,35.05399999999986,0.11200000000008004,0.11100000000010368
P005,22,22,1033.039,1060.847,252,27.807999999999993,0.11100000000010368,0.11200000000008004
P005,23,23,1060.958,1090.178,264,29.220000000000027,0.11099999999987631,0.11100000000010368
P005,24,24,1090.289,1107.798,159,17.509000000000015,NA,0.11099999999987631
P006,1,1,228.058,323.369,865,95.31100000000004,0.1139999999999759,NA
P006,2,2,323.483,357.729,310,34.24599999999998,0.11400000000003274,0.1139999999999759
P006,3,3,357.843,405.776,433,47.93299999999999,0.11099999999999,0.11400000000003274
P006,4,4,405.887,445.568,359,39.68099999999998,0.11099999999999,0.11099999999999
P006,5,5,445.679,461.678,145,15.999000000000024,0.11000000000001364,0.11099999999999
P006,6,6,461.788,489.677,252,27.88900000000001,0.11099999999999,0.11000000000001364
P006,7,7,489.788,556.199,603,66.41099999999994,0.11099999999999,0.11099999999999
P006,8,8,556.31,601.595,410,45.28500000000008,0.11000000000001364,0.11099999999999
P006,9,9,601.705,632.596,279,30.890999999999963,0.11000000000001364,0.11000000000001364
P006,10,10,632.706,712.792,723,80.08600000000001,0.11099999999999,0.11000000000001364
P006,11,11,712.903,761.764,441,48.86099999999999,0.11099999999999,0.11099999999999
P006,12,12,761.875,817.041,499,55.166000000000054,0.10099999999999909,0.11099999999999
P006,13,13,817.142,831.345,129,14.202999999999975,0.11099999999999,0.10099999999999909
P006,14,14,831.456,853.421,199,21.965000000000032,0.10399999999992815,0.11099999999999
P006,15,15,853.525,908.379,495,54.85400000000004,0.11000000000001364,0.10399999999992815
P006,16,16,908.489,950.801,382,42.31200000000001,0.11099999999999,0.11000000000001364
P006,17,17,950.912,977.913,245,27.000999999999976,0.10400000000004184,0.11099999999999
P006,18,18,978.017,997.192,174,19.174999999999955,0.11199999999996635,0.10400000000004184
P006,19,19,997.304,1011.08,125,13.776000000000067,0.11000000000001364,0.11199999999996635
P006,20,20,1011.19,1041.272,272,30.08199999999988,0.11200000000008004,0.11000000000001364
P006,21,21,1041.384,1056.493,137,15.108999999999924,0.11100000000010368,0.11200000000008004
P006,22,22,1056.604,1069.058,113,12.453999999999951,0.11100000000010368,0.11100000000010368
P006,23,23,1069.169,1101.808,295,32.638999999999896,0.11100000000010368,0.11100000000010368
P006,24,24,1101.919,1126.469,223,24.549999999999955,NA,0.11100000000010368
P007,1,1,72.824,127.394,493,54.57000000000001,0.11499999999999488,NA
P007,2,2,127.509,161.848,311,34.33900000000001,0.11199999999999477,0.11499999999999488
P007,3,3,161.96,205.364,392,43.403999999999996,0.11099999999999,0.11199999999999477
P007,4,4,205.475,238.67,300,33.19499999999999,0.11400000000000432,0.11099999999999
P007,5,5,238.784,259.093,185,20.309000000000026,0.1069999999999709,0.11400000000000432
P007,6,6,259.2,269.557,95,10.357000000000028,0.11099999999999,0.1069999999999709
P007,7,7,269.668,306.917,337,37.24899999999997,0.11100000000004684,0.11099999999999
P007,8,8,307.028,321.766,134,14.738,0.11099999999999,0.11100000000004684
P007,9,9,321.877,346.325,221,24.44799999999998,0.11099999999999,0.11099999999999
P007,10,10,346.436,407.225,553,60.789000000000044,0.10800000000000409,0.11099999999999
P007,11,11,407.333,445.929,350,38.59599999999995,0.11000000000001364,0.10800000000000409
P007,12,12,446.039,482.82,332,36.781000000000006,0.11000000000001364,0.11000000000001364
P007,13,13,482.93,513.333,278,30.402999999999963,0.11200000000008004,0.11000000000001364
P007,14,14,513.445,541.001,249,27.555999999999926,0.11099999999999,0.11200000000008004
P007,15,15,541.112,571.046,273,29.934000000000083,0.1049999999999045,0.11099999999999
P007,16,16,571.151,609.987,351,38.83600000000001,0.11300000000005639,0.1049999999999045
P007,17,17,610.1,637.306,246,27.206000000000017,0.11099999999999,0.11300000000005639
P007,18,18,637.417,658.641,192,21.223999999999933,0.11099999999999,0.11099999999999
P007,19,19,658.752,678.623,182,19.871000000000095,0.1129999999999427,0.11099999999999
P007,20,20,678.736,712.983,311,34.24699999999996,0.10700000000008458,0.1129999999999427
P007,21,21,713.09,733.641,186,20.55099999999993,0.11099999999999,0.10700000000008458
P007,22,22,733.752,766.026,293,32.274,0.11099999999999,0.11099999999999
P007,23,23,766.137,787.733,198,21.596000000000004,0.10300000000006548,0.11099999999999
P007,24,24,787.836,801.612,126,13.775999999999954,NA,0.10300000000006548
P008,1,1,83.549,144.588,551,61.03899999999999,0.11100000000001842,NA
P008,2,2,144.699,189.546,406,44.84699999999998,0.11199999999999477,0.11100000000001842
P008,3,3,189.658,221.195,285,31.537000000000006,0.11100000000001842,0.11199999999999477
P008,4,4,221.306,245.749,221,24.442999999999984,0.11100000000001842,0.11100000000001842
P008,5,5,245.86,289.078,390,43.21799999999996,0.11000000000001364,0.11100000000001842
P008,6,6,289.188,359.725,636,70.53700000000003,0.10099999999999909,0.11000000000001364
P008,7,7,359.826,373.6,125,13.774000000000001,0.1099999999999568,0.10099999999999909
P008,8,8,373.71,406.241,297,32.531000000000006,0.10400000000004184,0.1099999999999568
P008,9,9,406.345,416.915,99,10.569999999999993,0.11199999999996635,0.10400000000004184
P008,10,10,417.027,474.467,518,57.44,0.11099999999999,0.11199999999996635
P008,11,11,474.578,566.168,843,91.59000000000003,0.11099999999999,0.11099999999999
P008,10,12,566.279,645.828,717,79.54899999999998,0.11099999999999,0.11099999999999
P008,11,13,645.939,671.605,232,25.666000000000054,0.11099999999999,0.11099999999999
P008,12,14,671.716,706.7,316,34.98400000000004,0.10999999999989996,0.11099999999999
P008,13,15,706.81,728.585,197,21.77500000000009,0.1129999999999427,0.10999999999989996
P008,14,16,728.698,772.803,398,44.10500000000002,0.11099999999999,0.1129999999999427
P008,15,17,772.914,782.358,86,9.44399999999996,0.11100000000010368,0.11099999999999
P008,16,18,782.469,801.136,169,18.666999999999916,0.11099999999999,0.11100000000010368
P008,17,19,801.247,837.896,331,36.649,0.11099999999999,0.11099999999999
P008,18,20,838.007,862.502,225,24.495000000000005,0.1150000000000091,0.11099999999999
P008,19,21,862.617,873.185,96,10.567999999999984,0.11200000000008004,0.1150000000000091
P008,20,22,873.297,891.628,166,18.331000000000017,0.11099999999999,0.11200000000008004
P008,21,23,891.739,917.292,231,25.552999999999997,0.11199999999996635,0.11099999999999
P008,22,24,917.404,923.517,56,6.113000000000056,0.11099999999999,0.11199999999996635
P008,23,25,923.628,973.273,451,49.64499999999998,0.11199999999996635,0.11099999999999
P008,24,26,973.385,1012.508,353,39.12300000000005,NA,0.11199999999996635
P009,1,1,39.995,85.547,411,45.552,0.10999999999999943,NA
P009,2,2,85.657,143.405,521,57.748000000000005,0.10999999999998522,0.10999999999999943
P009,3,3,143.515,188.649,409,45.134000000000015,0.10999999999998522,0.10999999999998522
P009,4,4,188.759,234.934,418,46.17500000000001,0.11299999999999955,0.10999999999998522
P009,5,5,235.047,268.491,302,33.44399999999999,0.11099999999999,0.11299999999999955
P009,6,6,268.602,298.668,272,30.06600000000003,0.11099999999999,0.11099999999999
P009,7,7,298.779,360.887,560,62.108000000000004,0.11200000000002319,0.11099999999999
P009,8,8,360.999,411.08,452,50.08099999999996,0.11200000000002319,0.11200000000002319
P009,9,9,411.192,439.489,259,28.29699999999997,0.11200000000002319,0.11200000000002319
P009,10,10,439.601,499.347,540,59.74599999999998,0.11100000000004684,0.11200000000002319
P009,11,11,499.458,551.747,479,52.28899999999993,0.11300000000005639,0.11100000000004684
P009,12,12,551.86,600.772,442,48.912000000000035,0.11099999999999,0.11300000000005639
P009,13,13,600.883,662.877,559,61.993999999999915,0.11100000000010368,0.11099999999999
P009,14,14,662.988,676.544,123,13.555999999999926,0.11300000000005639,0.11100000000010368
P009,15,15,676.657,706.259,269,29.601999999999975,0.10000000000002274,0.11300000000005639
P009,16,16,706.359,728.457,200,22.097999999999956,0.11000000000001364,0.10000000000002274
P009,17,17,728.567,762.44,306,33.87300000000005,0.11099999999999,0.11000000000001364
P009,18,18,762.551,781.755,174,19.20399999999995,0.11099999999999,0.11099999999999
P009,19,19,781.866,806.698,225,24.831999999999994,0.11099999999999,0.11099999999999
P009,20,20,806.809,858.059,463,51.25,0.11099999999999,0.11099999999999
P009,21,21,858.17,912.345,489,54.17500000000007,0.11000000000001364,0.11099999999999
P009,22,22,912.455,948.189,323,35.733999999999924,0.11099999999999,0.11000000000001364
P009,23,23,948.3,983.238,317,34.9380000000001,0.11099999999999,0.11099999999999
P009,24,24,983.349,1033.971,457,50.62199999999996,NA,0.11099999999999
P010,1,1,172.501,257.461,769,84.96000000000001,0.10499999999996135,NA
P010,2,2,257.566,360.002,925,102.43600000000004,0.1150000000000091,0.10499999999996135
P010,3,3,360.117,410.683,458,50.565999999999974,0.1150000000000091,0.1150000000000091
P010,4,4,410.798,470.061,537,59.26299999999998,0.11100000000004684,0.1150000000000091
P010,5,5,470.172,501.337,282,31.164999999999964,0.11000000000001364,0.11100000000004684
P010,6,6,501.447,548.528,425,47.08100000000002,0.11099999999999,0.11000000000001364
P010,7,7,548.639,569.261,187,20.621999999999957,0.11099999999999,0.11099999999999
P010,8,8,569.372,593.843,222,24.471000000000004,0.10000000000002274,0.11099999999999
P010,9,9,593.943,611.771,164,17.827999999999975,0.10500000000001819,0.10000000000002274
P010,10,10,611.876,635.104,211,23.228000000000065,0.11099999999999,0.10500000000001819
P010,11,11,635.215,649.324,128,14.108999999999924,0.11200000000008004,0.11099999999999
P010,12,12,649.436,691.902,384,42.46600000000001,0.10099999999999909,0.11200000000008004
P010,13,13,692.003,713.446,194,21.442999999999984,0.11099999999999,0.10099999999999909
P010,14,14,713.557,754.775,372,41.21799999999996,0.11400000000003274,0.11099999999999
P010,15,15,754.889,771.786,154,16.896999999999935,0.11100000000010368,0.11400000000003274
P010,16,16,771.897,796.995,227,25.097999999999956,0.11099999999999,0.11100000000010368
P010,17,17,797.106,813.995,153,16.88900000000001,0.11099999999999,0.11099999999999
P010,18,18,814.106,851.535,338,37.428999999999974,0.11099999999999,0.11099999999999
P010,19,19,851.646,888.82,339,37.17400000000009,0.10999999999989996,0.11099999999999
P010,20,20,888.93,927.999,354,39.069000000000074,0.11000000000001364,0.10999999999989996
P010,21,21,928.109,952.563,222,24.45399999999995,0.11099999999999,0.11000000000001364
P010,22,22,952.674,972.869,183,20.19500000000005,0.10099999999999909,0.11099999999999
P010,23,23,972.97,1004.824,288,31.853999999999928,0.11000000000001364,0.10099999999999909
P010,24,24,1004.934,1029.418,222,24.483999999999924,NA,0.11000000000001364
P011,1,1,24.159,97.487,662,73.328,0.10999999999999943,NA
P011,2,2,97.597,133.817,330,36.22000000000001,0.11299999999999955,0.10999999999999943
P011,3,3,133.93,152.802,171,18.871999999999986,0.11000000000001364,0.11299999999999955
P011,4,4,152.912,191.689,350,38.77699999999999,0.11100000000001842,0.11000000000001364
P011,5,5,191.8,211.352,177,19.551999999999992,0.11099999999999,0.11100000000001842
P011,6,6,211.463,222.908,104,11.444999999999993,0.11200000000002319,0.11099999999999
P011,7,7,223.02,244.796,197,21.775999999999982,0.11299999999999955,0.11200000000002319
P011,8,8,244.909,279.099,311,34.19,0.10800000000000409,0.11299999999999955
P011,9,9,279.207,309.179,271,29.97199999999998,0.11100000000004684,0.10800000000000409
P011,10,10,309.29,343.72,311,34.43000000000001,0.1099999999999568,0.11100000000004684
P011,11,11,343.83,356.384,114,12.55400000000003,0.1139999999999759,0.1099999999999568
P011,12,12,356.498,384.827,256,28.329000000000008,0.11099999999999,0.1139999999999759
P011,13,13,384.938,424.043,353,39.10500000000002,0.11099999999999,0.11099999999999
P011,14,14,424.154,459.619,335,35.46500000000003,0.1029999999999518,0.11099999999999
P011,15,15,459.722,489.483,270,29.761000000000024,0.11099999999999,0.1029999999999518
P011,16,16,489.594,529.989,374,40.39500000000004,0.11399999999991905,0.11099999999999
P011,17,17,530.103,550.703,187,20.600000000000023,0.11099999999999,0.11399999999991905
P011,18,18,550.814,579.603,260,28.788999999999987,0.11100000000010368,0.11099999999999
P011,19,19,579.714,608.405,261,28.690999999999917,0.11300000000005639,0.11100000000010368
P011,20,20,608.518,649.07,366,40.55200000000002,0.11099999999999,0.11300000000005639
P011,21,21,649.181,667.736,168,18.55499999999995,0.11099999999999,0.11099999999999
P011,22,22,667.847,703.049,320,35.202,0.11199999999996635,0.11099999999999
P011,23,23,703.161,744.845,380,41.68400000000008,0.10599999999999454,0.11199999999996635
P011,24,24,744.951,764.033,173,19.081999999999994,NA,0.10599999999999454
P012,1,1,272.879,329.988,515,57.10899999999998,0.1150000000000091,NA
P012,2,2,330.103,356.64,240,26.536999999999978,0.10900000000003729,0.1150000000000091
P012,3,3,356.749,447.443,824,90.69399999999996,0.10599999999999454,0.10900000000003729
P012,4,4,447.549,490.844,391,43.295000000000016,0.11200000000002319,0.10599999999999454
P012,5,5,490.956,597.225,958,106.269,0.11099999999999,0.11200000000002319
P012,6,6,597.336,633.43,326,36.09399999999994,0.11200000000008004,0.11099999999999
P012,7,7,633.542,719.91,785,86.36799999999994,0.11099999999999,0.11200000000008004
P012,8,8,720.021,761.659,376,41.638000000000034,0.10800000000006094,0.11099999999999
P012,9,9,761.767,925.471,1478,163.70399999999995,0.11199999999996635,0.10800000000006094
P012,10,10,925.583,1001.096,681,75.51300000000003,0.10400000000004184,0.11199999999996635
P012,11,11,1001.2,1021.396,183,20.195999999999913,0.11200000000008004,0.10400000000004184
P012,12,12,1021.508,1038.727,156,17.21900000000005,0.11099999999987631,0.11200000000008004
P012,13,13,1038.838,1073.393,312,34.555000000000064,0.11200000000008004,0.11099999999987631
P012,14,14,1073.505,1180.801,977,107.29599999999982,0.11000000000012733,0.11200000000008004
P012,15,15,1180.911,1197.469,150,16.557999999999993,0.11099999999987631,0.11000000000012733
P012,16,16,1197.58,1229.03,285,31.450000000000045,0.11100000000010368,0.11099999999987631
P012,17,17,1229.141,1246.367,156,17.225999999999885,0.11100000000010368,0.11100000000010368
P012,18,18,1246.478,1303.794,517,57.31600000000003,0.11099999999987631,0.11100000000010368
P012,19,19,1303.905,1322.275,167,18.37000000000012,0.11099999999987631,0.11099999999987631
P012,20,20,1322.386,1330.981,79,8.595000000000027,0.11200000000008004,0.11099999999987631
P012,21,21,1331.093,1344.981,126,13.88799999999992,0.11100000000010368,0.11200000000008004
P012,22,22,1345.092,1359.43,131,14.337999999999965,0.10199999999986176,0.11100000000010368
P012,23,23,1359.532,1368.968,86,9.43600000000015,0.11099999999987631,0.10199999999986176
P012,24,24,1369.079,1396.41,247,27.33100000000013,NA,0.11099999999987631
P013,1,1,51.189,73.4,201,22.211000000000006,0.11399999999999011,NA
P013,2,2,73.514,89.636,148,16.122,0.1110000000000042,0.11399999999999011
P013,3,3,89.747,118.416,259,28.668999999999997,0.10999999999999943,0.1110000000000042
P013,4,4,118.526,160.527,379,42.00099999999999,0.11100000000001842,0.10999999999999943
P013,5,5,160.638,176.527,144,15.888999999999982,0.11000000000001364,0.11100000000001842
P013,6,6,176.637,198.637,199,22,0.11099999999999,0.11000000000001364
P013,7,7,198.748,219.529,188,20.781000000000006,0.11099999999999,0.11099999999999
P013,8,8,219.64,238.637,172,18.997000000000014,0.11299999999999955,0.11099999999999
P013,9,9,238.75,251.067,112,12.317000000000007,0.11099999999999,0.11299999999999955
P013,10,10,251.178,261.403,93,10.225000000000023,0.1099999999999568,0.11099999999999
P013,11,11,261.513,271.845,94,10.33200000000005,0.11099999999999,0.1099999999999568
P013,12,12,271.956,286.625,133,14.668999999999983,0.11000000000001364,0.11099999999999
P013,13,13,286.735,306.154,176,19.418999999999983,0.11099999999999,0.11000000000001364
P013,14,14,306.265,319.262,118,12.997000000000014,0.11200000000002319,0.11099999999999
P013,15,15,319.374,341.031,197,21.656999999999982,0.11599999999998545,0.11200000000002319
P013,16,16,341.147,364.502,217,23.355000000000018,0.103999999999985,0.11599999999998545
P013,17,17,364.606,387.785,212,23.17900000000003,0.11099999999999,0.103999999999985
P013,18,18,387.896,429.762,379,41.865999999999985,0.11099999999999,0.11099999999999
P013,19,19,429.873,457.208,247,27.335000000000036,0.11199999999996635,0.11099999999999
P013,20,20,457.32,478.194,189,20.874000000000024,0.11199999999996635,0.11199999999996635
P013,21,21,478.306,494.194,144,15.888000000000034,0.11099999999999,0.11199999999996635
P013,22,22,494.305,557.012,566,62.70699999999994,0.11200000000008004,0.11099999999999
P013,23,23,557.124,565.789,79,8.664999999999964,0.11400000000003274,0.11200000000008004
P013,24,24,565.903,585.568,178,19.664999999999964,NA,0.11400000000003274
P014,1,1,55.08,78.526,212,23.445999999999998,0.1110000000000042,NA
P014,2,2,78.637,119.631,370,40.994,0.1110000000000042,0.1110000000000042
P014,3,3,119.742,162.198,383,42.456,0.11099999999999,0.1110000000000042
P014,4,4,162.309,192.527,273,30.21799999999999,0.11200000000002319,0.11099999999999
P014,5,5,192.639,212.417,179,19.77799999999999,0.11099999999999,0.11200000000002319
P014,6,6,212.528,270.578,524,58.04999999999998,0.11000000000001364,0.11099999999999
P014,7,7,270.688,287.577,153,16.88900000000001,0.11099999999999,0.11000000000001364
P014,8,8,287.688,379.57,828,91.882,0.11200000000002319,0.11099999999999
P014,9,9,379.682,419.457,359,39.77499999999998,0.11000000000001364,0.11200000000002319
P014,10,10,419.567,474.118,492,54.55099999999999,0.11099999999999,0.11000000000001364
P014,11,11,474.229,493.24,172,19.011000000000024,0.11199999999996635,0.11099999999999
P014,12,12,493.352,520.239,243,26.887000000000057,0.11000000000001364,0.11199999999996635
P014,13,13,520.349,532.573,111,12.223999999999933,0.11199999999996635,0.11000000000001364
P014,14,14,532.685,545.126,113,12.441000000000031,0.11099999999999,0.11199999999996635
P014,15,15,545.237,592.013,422,46.77600000000007,0.11000000000001364,0.11099999999999
P014,16,16,592.123,613.232,191,21.108999999999924,0.11300000000005639,0.11000000000001364
P014,17,17,613.345,658.105,404,44.75999999999999,0.11099999999999,0.11300000000005639
P014,18,18,658.216,674.213,145,15.996999999999957,0.11099999999999,0.11099999999999
P014,19,19,674.324,698.214,216,23.8900000000001,0.11099999999999,0.11099999999999
P014,20,20,698.325,734.541,327,36.21600000000001,0.11099999999999,0.11099999999999
P014,21,21,734.652,757.762,209,23.1099999999999,0.11100000000010368,0.11099999999999
P014,22,22,757.873,802.204,400,44.330999999999904,0.11100000000010368,0.11100000000010368
P014,23,23,802.315,845.867,393,43.55199999999991,0.11099999999999,0.11100000000010368
P014,24,24,845.978,875.533,267,29.555000000000064,NA,0.11099999999999
P015,1,1,75.499,103.169,250,27.67,0.1110000000000042,NA
P015,2,2,103.28,120.615,157,17.334999999999994,0.1110000000000042,0.1110000000000042
P015,3,3,120.726,139.39,169,18.663999999999987,0.11100000000001842,0.1110000000000042
P015,4,4,139.501,157.835,166,18.334000000000003,0.10999999999998522,0.11100000000001842
P015,5,5,157.945,176.611,169,18.665999999999997,0.11200000000002319,0.10999999999998522
P015,6,6,176.723,198.722,199,21.998999999999995,0.11299999999999955,0.11200000000002319
P015,7,7,198.835,221.726,207,22.89099999999999,0.11199999999999477,0.11299999999999955
P015,8,8,221.838,239.392,159,17.554000000000002,0.11099999999999,0.11199999999999477
P015,9,9,239.503,263.725,219,24.222000000000037,0.11099999999999,0.11099999999999
P015,10,10,263.836,300.706,335,36.870000000000005,0.11199999999996635,0.11099999999999
P015,11,11,300.818,324.489,214,23.670999999999992,0.11200000000002319,0.11199999999996635
P015,12,12,324.601,336.709,110,12.108000000000004,0.11200000000002319,0.11200000000002319
P015,13,13,336.821,348.82,109,11.998999999999967,0.11099999999999,0.11200000000002319
P015,14,14,348.931,364.82,144,15.88900000000001,0.11200000000002319,0.11099999999999
P015,15,15,364.932,397.376,293,32.44399999999996,0.11100000000004684,0.11200000000002319
P015,16,16,397.487,411.822,130,14.33499999999998,0.11099999999999,0.11100000000004684
P015,17,17,411.933,423.902,109,11.968999999999994,0.11000000000001364,0.11099999999999
P015,18,18,424.012,440.875,153,16.863,0.11099999999999,0.11000000000001364
P015,19,19,440.986,461.613,192,20.62700000000001,0.10500000000001819,0.11099999999999
P015,20,20,461.718,480.169,167,18.450999999999965,0.11299999999999955,0.10500000000001819
P015,21,21,480.282,495.281,136,14.999000000000024,0.11099999999999,0.11299999999999955
P015,22,22,495.392,507.503,110,12.11099999999999,0.11099999999999,0.11099999999999
P015,23,23,507.614,526.726,173,19.112000000000023,0.11099999999999,0.11099999999999
P015,24,24,526.837,543.059,147,16.22199999999998,NA,0.11099999999999
P016,1,1,88.932,125.913,334,36.980999999999995,0.1110000000000042,NA
P016,2,2,126.024,143.573,160,17.549000000000007,0.11199999999999477,0.1110000000000042
P016,3,3,143.685,160.691,154,17.006,0.11099999999999,0.11199999999999477
P016,4,4,160.802,189.465,259,28.66300000000001,0.11299999999999955,0.11099999999999
P016,5,5,189.578,213.686,218,24.108000000000004,0.11099999999999,0.11299999999999955
P016,6,6,213.797,244.446,280,30.649,0.10900000000000887,0.11099999999999
P016,7,7,244.555,256.559,109,12.004000000000019,0.11299999999999955,0.10900000000000887
P016,8,8,256.672,274.11,158,17.437999999999988,0.11099999999999,0.11299999999999955
P016,9,9,274.221,291.556,157,17.33499999999998,0.11099999999999,0.11099999999999
P016,10,10,291.667,316.442,224,24.775000000000034,0.11099999999999,0.11099999999999
P016,11,11,316.553,339.993,212,23.439999999999998,0.11200000000002319,0.11099999999999
P016,12,12,340.105,352.994,117,12.88900000000001,0.1099999999999568,0.11200000000002319
P016,13,13,353.104,380.073,245,26.968999999999994,0.11200000000002319,0.1099999999999568
P016,14,14,380.185,408.159,253,27.97399999999999,0.11099999999999,0.11200000000002319
P016,15,15,408.27,421.158,117,12.888000000000034,0.11099999999999,0.11099999999999
P016,16,16,421.269,441.25,188,19.980999999999995,0.10700000000002774,0.11099999999999
P016,17,17,441.357,468.401,245,27.043999999999983,0.11099999999999,0.10700000000002774
P016,18,18,468.512,481.718,120,13.206000000000017,0.11299999999999955,0.11099999999999
P016,19,19,481.831,494.162,112,12.33099999999996,0.11100000000004684,0.11299999999999955
P016,20,20,494.273,511.445,163,17.17199999999997,0.11400000000003274,0.11100000000004684
P016,21,21,511.559,532.452,189,20.892999999999972,0.11099999999999,0.11400000000003274
P016,22,22,532.563,545.338,116,12.774999999999977,0.11099999999999,0.11099999999999
P016,23,23,545.449,563.115,160,17.666000000000054,0.11199999999996635,0.11099999999999
P016,24,24,563.227,580.583,159,17.355999999999995,NA,0.11199999999996635
P017,1,1,50.758,76.756,235,25.997999999999998,0.11599999999999966,NA
P017,2,2,76.872,90.742,126,13.870000000000005,0.11099999999999,0.11599999999999966
P017,3,3,90.853,124.295,302,33.44200000000001,0.1110000000000042,0.11099999999999
P017,4,4,124.406,139.629,138,15.222999999999985,0.11100000000001842,0.1110000000000042
P017,5,5,139.74,158.07,166,18.329999999999984,0.11100000000001842,0.11100000000001842
P017,6,6,158.181,177.736,177,19.55499999999998,0.11100000000001842,0.11100000000001842
P017,7,7,177.847,204.622,242,26.775000000000006,0.11099999999999,0.11100000000001842
P017,8,8,204.733,220.51,143,15.776999999999987,0.11200000000002319,0.11099999999999
P017,9,9,220.622,238.954,166,18.331999999999994,0.11400000000000432,0.11200000000002319
P017,10,10,239.068,271.27,291,32.20199999999997,0.11099999999999,0.11400000000000432
P017,11,11,271.381,291.698,184,20.317000000000007,0.11100000000004684,0.11099999999999
P017,12,12,291.809,304.033,111,12.22399999999999,0.11099999999999,0.11100000000004684
P017,13,13,304.144,327.597,212,23.452999999999975,0.11100000000004684,0.11099999999999
P017,14,14,327.708,352.957,229,25.248999999999967,0.11099999999999,0.11100000000004684
P017,15,15,353.068,367.847,134,14.778999999999996,0.11299999999999955,0.11099999999999
P017,16,16,367.96,382.732,134,14.772000000000048,0.11199999999996635,0.11299999999999955
P017,17,17,382.844,414.94,290,32.096000000000004,0.11099999999999,0.11199999999996635
P017,18,18,415.051,426.256,102,11.204999999999984,0.11100000000004684,0.11099999999999
P017,19,19,426.367,445.353,172,18.98599999999999,0.11099999999999,0.11100000000004684
P017,20,20,445.464,489.823,402,44.35899999999998,0.11000000000001364,0.11099999999999
P017,21,21,489.933,503.044,119,13.11099999999999,0.11000000000001364,0.11000000000001364
P017,22,22,503.154,517.822,133,14.668000000000006,0.11000000000001364,0.11000000000001364
P017,23,23,517.932,536.82,171,18.888000000000034,0.10999999999989996,0.11000000000001364
P017,24,24,536.93,555.261,166,18.331000000000017,NA,0.10999999999989996
P018,1,1,81.206,123.104,381,41.897999999999996,0.1110000000000042,NA
P018,2,2,123.215,145.962,206,22.746999999999986,0.11299999999999955,0.1110000000000042
P018,3,3,146.075,174.721,259,28.646000000000015,0.11099999999999,0.11299999999999955
P018,4,4,174.832,202.512,252,27.680000000000007,0.11099999999999,0.11099999999999
P018,5,5,202.623,219.4,156,16.777000000000015,0.10099999999999909,0.11099999999999
P018,6,6,219.501,264.872,411,45.37100000000001,0.11099999999999,0.10099999999999909
P018,7,7,264.983,276.983,109,12,0.11200000000002319,0.11099999999999
P018,8,8,277.095,321.395,402,44.299999999999955,0.11099999999999,0.11200000000002319
P018,9,9,321.506,342.258,188,20.75200000000001,0.11100000000004684,0.11099999999999
P018,10,10,342.369,352.7,94,10.33099999999996,0.11099999999999,0.11100000000004684
P018,11,11,352.811,371.256,167,18.444999999999993,0.11000000000001364,0.11099999999999
P018,12,12,371.366,390.695,175,19.329000000000008,0.11200000000002319,0.11000000000001364
P018,13,13,390.807,401.253,95,10.44599999999997,0.11200000000002319,0.11200000000002319
P018,14,14,401.365,415.763,131,14.397999999999968,0.11100000000004684,0.11200000000002319
P018,15,15,415.874,449.201,302,33.327,0.11099999999999,0.11100000000004684
P018,16,16,449.312,468.426,173,19.113999999999976,0.11099999999999,0.11099999999999
P018,17,17,468.537,498.756,273,30.218999999999994,0.11200000000002319,0.11099999999999
P018,18,18,498.868,513.631,134,14.762999999999977,0.11000000000001364,0.11200000000002319
P018,19,19,513.741,533.396,178,19.654999999999973,0.11000000000001364,0.11000000000001364
P018,20,20,533.506,548.502,136,14.995999999999981,0.11000000000001364,0.11000000000001364
P018,21,21,548.612,572.623,218,24.01100000000008,0.11099999999999,0.11000000000001364
P018,22,22,572.734,606.067,301,33.33299999999997,0.1129999999999427,0.11099999999999
P018,23,23,606.18,626.845,187,20.665000000000077,0.1129999999999427,0.1129999999999427
P018,24,24,626.958,663.063,326,36.10500000000002,NA,0.1129999999999427
P019,1,1,52.579,111.906,535,59.327000000000005,0.10099999999999909,NA
P019,2,2,112.007,130.56,168,18.552999999999997,0.10999999999998522,0.10099999999999909
P019,3,3,130.67,149.002,166,18.332000000000022,0.11299999999999955,0.10999999999998522
P019,4,4,149.115,197.942,441,48.827,0.11199999999999477,0.11299999999999955
P019,5,5,198.054,209.831,107,11.776999999999987,0.11000000000001364,0.11199999999999477
P019,6,6,209.941,238.937,262,28.99600000000001,0.11099999999999,0.11000000000001364
P019,7,7,239.048,254.161,137,15.113,0.11099999999999,0.11099999999999
P019,8,8,254.272,269.049,134,14.776999999999987,0.11000000000001364,0.11099999999999
P019,9,9,269.159,326.889,521,57.73000000000002,0.11199999999996635,0.11000000000001364
P019,10,10,327.001,374.442,428,47.44100000000003,0.11199999999996635,0.11199999999996635
P019,11,11,374.554,397.22,205,22.666000000000054,0.11099999999999,0.11199999999996635
P019,12,12,397.331,411.65,130,14.31899999999996,0.11400000000003274,0.11099999999999
P019,13,13,411.764,431.538,179,19.774,0.11000000000001364,0.11400000000003274
P019,14,14,431.648,512.112,729,80.46399999999994,0.10000000000002274,0.11000000000001364
P019,15,15,512.212,531.746,179,19.533999999999992,0.11000000000001364,0.10000000000002274
P019,16,16,531.856,541.416,87,9.56000000000006,0.11099999999999,0.11000000000001364
P019,17,17,541.527,591.524,451,49.99699999999996,0.11099999999999,0.11099999999999
P019,18,18,591.635,630.13,349,38.495000000000005,0.11199999999996635,0.11099999999999
P019,19,19,630.242,653.687,212,23.44500000000005,0.11099999999999,0.11199999999996635
P019,20,20,653.798,694.572,368,40.774,0.11099999999999,0.11099999999999
P019,21,21,694.683,741.788,425,47.10500000000002,0.11099999999999,0.11099999999999
P019,22,22,741.899,753.898,109,11.999000000000024,0.11099999999999,0.11099999999999
P019,23,23,754.009,811.769,521,57.75999999999999,0.11099999999999,0.11099999999999
P019,24,24,811.88,828.102,147,16.22199999999998,NA,0.11099999999999
P020,1,1,68.913,69.916,10,1.0030000000000001,0.1110000000000042,NA
P020,2,2,70.027,139.871,631,69.84400000000001,0.11400000000000432,0.1110000000000042
P020,3,3,139.985,168.675,260,28.689999999999998,0.11099999999999,0.11400000000000432
P020,4,4,168.786,203.897,317,35.11099999999999,0.11000000000001364,0.11099999999999
P020,5,5,204.007,284.317,724,80.31,0.11299999999999955,0.11000000000001364
P020,6,6,284.43,313.093,259,28.66300000000001,0.11099999999999,0.11299999999999955
P020,7,7,313.204,347.427,309,34.22300000000001,0.11099999999999,0.11099999999999
P020,8,8,347.538,368.54,190,21.00200000000001,0.11099999999999,0.11099999999999
P020,9,9,368.651,424.258,502,55.60699999999997,0.11000000000001364,0.11099999999999
P020,10,10,424.368,481.041,511,56.673,0.11000000000001364,0.11000000000001364
P020,11,11,481.151,520.804,358,39.65299999999996,0.11099999999999,0.11000000000001364
P020,12,12,520.915,541.692,188,20.777000000000044,0.11099999999999,0.11099999999999
P020,13,13,541.803,603.263,554,61.460000000000036,0.11399999999991905,0.11099999999999
P020,14,14,603.377,632.483,263,29.105999999999995,0.11300000000005639,0.11399999999991905
P020,15,15,632.596,669.149,330,36.553,0.11199999999996635,0.11300000000005639
P020,16,16,669.261,703.623,312,34.36200000000008,0.11099999999999,0.11199999999996635
P020,17,17,703.734,756.572,477,52.837999999999965,0.10799999999994725,0.11099999999999
P020,18,18,756.68,768.302,106,11.622000000000071,0.11000000000001364,0.10799999999994725
P020,19,19,768.412,792.846,221,24.43399999999997,0.11000000000001364,0.11000000000001364
P020,20,20,792.956,802.394,89,9.437999999999988,0.10199999999997544,0.11000000000001364
P020,21,21,802.496,817.23,137,14.734000000000037,0.11099999999999,0.10199999999997544
P020,22,22,817.341,846.83,268,29.489000000000033,0.11099999999999,0.11099999999999
P020,23,23,846.941,863.911,156,16.969999999999914,0.11200000000008004,0.11099999999999
P020,24,24,864.023,886.679,205,22.65599999999995,NA,0.11200000000008004
P021,1,1,59.315,74.759,140,15.444000000000003,0.11499999999999488,NA
P021,2,2,74.874,97.538,205,22.664,0.1110000000000042,0.11499999999999488
P021,3,3,97.649,120.982,211,23.333,0.1110000000000042,0.1110000000000042
P021,4,4,121.093,138.205,155,17.11200000000001,0.11099999999999,0.1110000000000042
P021,5,5,138.316,162.204,216,23.888000000000005,0.11099999999999,0.11099999999999
P021,6,6,162.315,176.317,127,14.00200000000001,0.10999999999998522,0.11099999999999
P021,7,7,176.427,184.429,73,8.00200000000001,0.11299999999999955,0.10999999999998522
P021,8,8,184.542,201.427,153,16.88499999999999,0.11100000000001842,0.11299999999999955
P021,9,9,201.538,217.651,146,16.113,0.11099999999999,0.11100000000001842
P021,10,10,217.762,232.984,138,15.222000000000008,0.10999999999998522,0.11099999999999
P021,11,11,233.094,278.621,411,45.52699999999999,0.11100000000004684,0.10999999999998522
P021,12,12,278.732,287.38,79,8.647999999999968,0.11099999999999,0.11100000000004684
P021,13,13,287.491,304.165,151,16.674000000000035,0.11099999999999,0.11099999999999
P021,14,14,304.276,337.164,297,32.88799999999998,0.11299999999999955,0.11099999999999
P021,15,15,337.277,348.929,106,11.651999999999987,0.11100000000004684,0.11299999999999955
P021,16,16,349.04,366.152,155,17.111999999999966,0.11099999999999,0.11100000000004684
P021,17,17,366.263,378.816,114,12.552999999999997,0.11100000000004684,0.11099999999999
P021,18,18,378.927,394.148,138,15.221000000000004,0.11199999999996635,0.11100000000004684
P021,19,19,394.26,417.704,212,23.444000000000017,0.11099999999999,0.11199999999996635
P021,20,20,417.815,433.258,140,15.442999999999984,0.11100000000004684,0.11099999999999
P021,21,21,433.369,472.679,355,39.309999999999945,0.10900000000003729,0.11100000000004684
P021,22,22,472.788,488.566,143,15.777999999999963,0.11100000000004684,0.10900000000003729
P021,23,23,488.677,514.568,234,25.890999999999963,0.11300000000005639,0.11100000000004684
P021,24,24,514.681,539.565,225,24.884000000000015,NA,0.11300000000005639
P022,1,1,221.16,287.642,600,66.482,0.11200000000002319,NA
P022,2,2,287.754,337.25,449,49.49599999999998,0.11200000000002319,0.11200000000002319
P022,3,3,337.362,361.946,224,24.584000000000003,0.1139999999999759,0.11200000000002319
P022,4,4,362.06,434.675,655,72.61500000000001,0.11299999999999955,0.1139999999999759
P022,5,5,434.788,455.09,184,20.301999999999964,0.11100000000004684,0.11299999999999955
P022,6,6,455.201,465.338,93,10.137,0.11099999999999,0.11100000000004684
P022,7,7,465.449,496.56,281,31.11099999999999,0.11099999999999,0.11099999999999
P022,8,8,496.671,540.264,394,43.59300000000002,0.11400000000003274,0.11099999999999
P022,9,9,540.378,549.555,84,9.176999999999907,0.11200000000008004,0.11400000000003274
P022,10,10,549.667,574.268,223,24.601,0.1129999999999427,0.11200000000008004
P022,11,11,574.381,596.774,211,22.39300000000003,0.11099999999999,0.1129999999999427
P022,12,12,596.885,623.866,245,26.980999999999995,0.11199999999996635,0.11099999999999
P022,13,13,623.978,665.645,376,41.66700000000003,0.11199999999996635,0.11199999999996635
P022,14,14,665.757,682.839,155,17.082000000000107,0.11099999999999,0.11199999999996635
P022,15,15,682.95,711.114,255,28.163999999999987,0.1089999999999236,0.11099999999999
P022,16,16,711.223,749.733,349,38.50999999999999,0.10800000000006094,0.1089999999999236
P022,17,17,749.841,773.521,215,23.67999999999995,0.11300000000005639,0.10800000000006094
P022,18,18,773.634,797.423,216,23.788999999999987,0.11099999999999,0.11300000000005639
P022,19,19,797.534,810.095,114,12.561000000000035,0.11099999999999,0.11099999999999
P022,20,20,810.206,834.695,224,24.489000000000033,0.11099999999999,0.11099999999999
P022,21,21,834.806,850.765,146,15.958999999999946,0.11099999999999,0.11099999999999
P022,22,22,850.876,866.251,141,15.375,0.11200000000008004,0.11099999999999
P022,23,23,866.363,897.234,279,30.87099999999998,0.11199999999996635,0.11200000000008004
P022,24,24,897.346,968.94,646,71.59400000000005,NA,0.11199999999996635
P023,1,1,270.583,353.902,752,83.31899999999996,0.10099999999999909,NA
P023,2,2,354.003,478.667,1123,124.66399999999999,0.11200000000002319,0.10099999999999909
P023,3,3,478.779,530.781,469,52.00199999999995,0.11000000000001364,0.11200000000002319
P023,4,4,530.891,579.524,442,48.63300000000004,0.11199999999996635,0.11000000000001364
P023,5,5,579.636,619.054,356,39.418000000000006,0.11200000000008004,0.11199999999996635
P023,6,6,619.166,644.947,233,25.78099999999995,0.11099999999999,0.11200000000008004
P023,7,7,645.058,700.168,497,55.110000000000014,0.11199999999996635,0.11099999999999
P023,8,8,700.28,830.86,1182,130.58000000000004,0.11099999999999,0.11199999999996635
P023,9,9,830.971,867.704,335,36.73299999999995,0.11300000000005639,0.11099999999999
P023,10,10,867.817,923.71,504,55.89300000000003,0.11099999999999,0.11300000000005639
P023,11,11,923.821,963.264,356,39.442999999999984,0.11199999999996635,0.11099999999999
P023,12,12,963.376,997.291,307,33.91500000000008,0.11199999999996635,0.11199999999996635
P023,13,13,997.403,1035.43,344,38.027000000000044,0.11099999999987631,0.11199999999996635
P023,14,14,1035.541,1078.516,388,42.975000000000136,0.10999999999989996,0.11099999999987631
P023,15,15,1078.626,1120.053,374,41.427000000000135,0.11099999999987631,0.10999999999989996
P023,16,16,1120.164,1147.167,244,27.00299999999993,0.11000000000012733,0.11099999999987631
P023,17,17,1147.277,1193.112,415,45.835000000000036,0.11199999999985266,0.11000000000012733
P023,18,18,1193.224,1252.997,539,59.77300000000014,0.11099999999987631,0.11199999999985266
P023,19,19,1253.108,1286.485,302,33.37699999999995,0.10100000000011278,0.11099999999987631
P023,20,20,1286.586,1342.997,510,56.41100000000006,0.11099999999987631,0.10100000000011278
P023,21,21,1343.108,1372.889,269,29.78099999999995,0.11200000000008004,0.11099999999987631
P023,22,22,1373.001,1415.666,385,42.664999999999964,0.11100000000010368,0.11200000000008004
P023,23,23,1415.777,1461.169,412,45.39200000000005,0.10499999999979082,0.11100000000010368
P023,24,24,1461.274,1502.502,372,41.228000000000065,NA,0.10499999999979082
P024,1,1,126.544,164.436,342,37.89200000000001,0.10099999999999909,NA
P024,2,2,164.537,198.225,306,33.68799999999999,0.10500000000001819,0.10099999999999909
P024,3,3,198.33,228.474,274,30.143999999999977,0.11100000000001842,0.10500000000001819
P024,4,4,228.585,249.585,190,21,0.10999999999998522,0.11100000000001842
P024,5,5,249.695,283.026,301,33.33100000000002,0.11099999999999,0.10999999999998522
P024,6,6,283.137,325.913,386,42.77600000000001,0.1139999999999759,0.11099999999999
P024,7,7,326.027,356.798,278,30.771000000000015,0.11099999999999,0.1139999999999759
P024,8,8,356.909,372.964,146,16.055000000000007,0.11099999999999,0.11099999999999
P024,9,9,373.075,397.807,224,24.732000000000028,0.11099999999999,0.11099999999999
P024,10,10,397.918,430.325,293,32.40699999999998,0.11099999999999,0.11099999999999
P024,11,11,430.436,465.1,313,34.664000000000044,0.1099999999999568,0.11099999999999
P024,12,12,465.21,484.43,174,19.220000000000027,0.11099999999999,0.1099999999999568
P024,13,13,484.541,504.137,182,19.596000000000004,0.11000000000001364,0.11099999999999
P024,14,14,504.247,550.583,418,46.335999999999956,0.11099999999999,0.11000000000001364
P024,15,15,550.694,583.689,298,32.995000000000005,0.11200000000008004,0.11099999999999
P024,16,16,583.801,607.802,217,24.000999999999976,0.1129999999999427,0.11200000000008004
P024,17,17,607.915,643.02,317,35.10500000000002,0.11300000000005639,0.1129999999999427
P024,18,18,643.133,675.464,292,32.33100000000002,0.11099999999999,0.11300000000005639
P024,19,19,675.575,708.248,296,32.673,0.11199999999996635,0.11099999999999
P024,20,20,708.36,731.028,205,22.668000000000006,0.11199999999996635,0.11199999999996635
P024,21,21,731.14,750.693,177,19.552999999999997,0.11199999999996635,0.11199999999996635
P024,22,22,750.805,782.472,286,31.66700000000003,0.11199999999996635,0.11199999999996635
P024,23,23,782.584,798.574,150,15.990000000000009,0.11099999999999,0.11199999999996635
P024,24,24,798.685,874.598,685,75.91300000000001,NA,0.11099999999999
P025,1,1,263.968,380.065,1047,116.09699999999998,0.11000000000001364,NA
P025,2,2,380.175,420.829,367,40.653999999999996,0.11199999999996635,0.11000000000001364
P025,3,3,420.941,447.608,241,26.66700000000003,0.11099999999999,0.11199999999996635
P025,4,4,447.719,535.27,791,87.55099999999999,0.10000000000002274,0.11099999999999
P025,5,5,535.37,574.44,353,39.07000000000005,0.11099999999999,0.10000000000002274
P025,6,6,574.551,744.607,1537,170.05599999999993,0.11099999999999,0.11099999999999
P025,7,7,744.718,865.714,1110,120.9960000000001,0.11199999999996635,0.11099999999999
P025,8,8,865.826,950.497,763,84.67099999999994,0.11000000000001364,0.11199999999996635
P025,9,9,950.607,1142.829,1738,192.22199999999998,0.11100000000010368,0.11000000000001364
P025,10,10,1142.94,1253.451,1012,110.51099999999997,0.11099999999987631,0.11100000000010368
P025,11,11,1253.562,1337.456,756,83.894,0.11100000000010368,0.11099999999987631
P025,12,12,1337.567,1373.453,324,35.88599999999997,0.11200000000008004,0.11100000000010368
P025,13,13,1373.565,1404.122,276,30.557000000000016,0.11099999999987631,0.11200000000008004
P025,14,14,1404.233,1441.901,340,37.66800000000012,0.11400000000003274,0.11099999999987631
P025,15,15,1442.015,1474.013,289,31.99799999999982,0.11000000000012733,0.11400000000003274
P025,16,16,1474.123,1584.886,998,110.76299999999992,0.11200000000008004,0.11000000000012733
P025,17,17,1584.998,1660.775,683,75.77700000000004,0.11099999999987631,0.11200000000008004
P025,18,18,1660.886,1744.631,759,83.74500000000012,0.1150000000000091,0.11099999999987631
P025,19,19,1744.746,1772.912,255,28.16599999999994,0.11099999999987631,0.1150000000000091
P025,20,20,1773.023,1797.025,217,24.00200000000018,0.11099999999987631,0.11099999999987631
P025,21,21,1797.136,1824.915,251,27.778999999999996,0.11100000000010368,0.11099999999987631
P025,22,22,1825.026,1878.139,479,53.11299999999983,0.11100000000010368,0.11100000000010368
P025,23,23,1878.25,1918.916,367,40.66599999999994,0.11100000000010368,0.11100000000010368
P025,24,24,1919.027,1927.583,78,8.55600000000004,NA,0.11100000000010368
P026,1,1,172.292,265.943,844,93.65099999999998,0.10099999999999909,NA
P026,2,2,266.044,343.266,696,77.22200000000004,0.11299999999999955,0.10099999999999909
P026,3,3,343.379,425.642,742,82.26299999999998,0.11000000000001364,0.11299999999999955
P026,4,4,425.752,501.849,687,76.09699999999998,0.11099999999999,0.11000000000001364
P026,5,5,501.96,526.071,218,24.111000000000047,0.1129999999999427,0.11099999999999
P026,6,6,526.184,599.07,658,72.88600000000008,0.11399999999991905,0.1129999999999427
P026,7,7,599.184,669.945,638,70.76100000000008,0.1129999999999427,0.11399999999991905
P026,8,8,670.058,743.44,662,73.38200000000006,0.11099999999999,0.1129999999999427
P026,9,9,743.551,806.85,571,63.29899999999998,0.11099999999999,0.11099999999999
P026,10,10,806.961,909.029,920,102.06799999999998,0.11199999999996635,0.11099999999999
P026,11,11,909.141,1036.971,1152,127.83000000000004,0.10999999999989996,0.11199999999996635
P026,12,12,1037.081,1130.295,840,93.21400000000017,0.11099999999987631,0.10999999999989996
P026,13,13,1130.406,1245.847,1040,115.44100000000003,0.11200000000008004,0.11099999999987631
P026,14,14,1245.959,1371.987,1136,126.02800000000002,0.11099999999987631,0.11200000000008004
P026,15,15,1372.098,1413.764,376,41.66599999999994,0.11100000000010368,0.11099999999987631
P026,16,16,1413.875,1491.93,704,78.05500000000006,0.11099999999987631,0.11100000000010368
P026,17,17,1492.041,1639.931,1332,147.8900000000001,0.11099999999987631,0.11099999999987631
P026,18,18,1640.042,1695.349,499,55.307000000000016,0.11300000000005639,0.11099999999987631
P026,19,19,1695.462,1721.795,238,26.333000000000084,0.11099999999987631,0.11300000000005639
P026,20,20,1721.906,1790.919,622,69.01300000000015,0.11099999999987631,0.11099999999987631
P026,21,21,1791.03,1842.141,461,51.111000000000104,0.09999999999990905,0.11099999999987631
P026,22,22,1842.241,1924.459,741,82.21800000000007,0.10999999999989996,0.09999999999990905
P026,23,23,1924.569,1988.348,575,63.778999999999996,0.11200000000008004,0.10999999999989996
P026,24,24,1988.46,2085.904,878,97.44399999999996,NA,0.11200000000008004
P027,1,1,68.914,118.692,449,49.77799999999999,0.11000000000001364,NA
P027,2,2,118.802,180.647,559,61.844999999999985,0.11100000000001842,0.11000000000001364
P027,3,3,180.758,206.19,230,25.431999999999988,0.11099999999999,0.11100000000001842
P027,4,4,206.301,234.304,253,28.003000000000014,0.11099999999999,0.11099999999999
P027,5,5,234.415,246.525,110,12.110000000000014,0.11099999999999,0.11099999999999
P027,6,6,246.636,264.637,163,18.001000000000005,0.11099999999999,0.11099999999999
P027,7,7,264.748,294.718,271,29.970000000000027,0.1139999999999759,0.11099999999999
P027,8,8,294.832,314.83,181,19.99799999999999,0.11099999999999,0.1139999999999759
P027,9,9,314.941,332.497,159,17.55600000000004,0.11099999999999,0.11099999999999
P027,10,10,332.608,364.842,292,32.23399999999998,0.11099999999999,0.11099999999999
P027,11,11,364.953,379.288,130,14.335000000000036,0.11099999999999,0.11099999999999
P027,12,12,379.399,410.178,278,30.778999999999996,0.11099999999999,0.11099999999999
P027,13,13,410.289,429.511,174,19.222000000000037,0.11199999999996635,0.11099999999999
P027,14,14,429.623,458.942,265,29.319000000000017,0.11000000000001364,0.11199999999996635
P027,15,15,459.052,492.298,302,33.24599999999998,0.11099999999999,0.11000000000001364
P027,16,16,492.409,515.191,206,22.78200000000004,0.11099999999999,0.11099999999999
P027,17,17,515.302,532.08,152,16.77800000000002,0.11099999999999,0.11099999999999
P027,18,18,532.191,566.303,308,34.111999999999966,0.11199999999996635,0.11099999999999
P027,19,19,566.415,593.747,247,27.331999999999994,0.11300000000005639,0.11199999999996635
P027,20,20,593.86,618.081,219,24.221000000000004,0.11099999999999,0.11300000000005639
P027,21,21,618.192,643.859,232,25.66700000000003,0.11099999999999,0.11099999999999
P027,22,22,643.97,682.637,349,38.666999999999916,0.11000000000001364,0.11099999999999
P027,23,23,682.747,706.745,217,23.998000000000047,0.1129999999999427,0.11000000000001364
P027,24,24,706.858,745.635,350,38.777000000000044,NA,0.1129999999999427
P028,1,1,251.757,482.353,2081,230.596,0.11099999999999,NA
P028,2,2,482.464,528.243,413,45.77900000000005,0.11099999999999,0.11099999999999
P028,3,3,528.354,571.103,387,42.74899999999991,0.11100000000010368,0.11099999999999
P028,4,4,571.214,646.995,683,75.78099999999995,0.11099999999999,0.11100000000010368
P028,5,5,647.106,665.884,170,18.77800000000002,0.11099999999999,0.11099999999999
P028,6,6,665.995,730.648,584,64.65300000000002,0.11000000000001364,0.11099999999999
P028,7,7,730.758,748.091,157,17.33299999999997,0.11099999999999,0.11000000000001364
P028,8,8,748.202,792.204,397,44.00199999999995,0.11100000000010368,0.11099999999999
P028,9,9,792.315,831.092,350,38.77699999999993,0.11199999999996635,0.11100000000010368
P028,10,10,831.204,854.758,213,23.554000000000087,0.1129999999999427,0.11199999999996635
P028,11,11,854.871,875.98,191,21.109000000000037,0.11099999999999,0.1129999999999427
P028,12,12,876.091,902.982,243,26.890999999999963,0.11300000000005639,0.11099999999999
P028,13,13,903.095,933.506,275,30.410999999999945,0.11300000000005639,0.11300000000005639
P028,14,14,933.619,972.841,354,39.22199999999998,0.11099999999999,0.11300000000005639
P028,15,15,972.952,1006.064,299,33.111999999999966,0.11099999999999,0.11099999999999
P028,16,16,1006.175,1020.507,130,14.331999999999994,0.11300000000005639,0.11099999999999
P028,17,17,1020.62,1050.286,268,29.666000000000054,0.11099999999987631,0.11300000000005639
P028,18,18,1050.397,1091.3,371,40.90300000000002,0.11000000000012733,0.11099999999987631
P028,19,19,1091.41,1113.411,199,22.000999999999976,0.11099999999987631,0.11000000000012733
P028,20,20,1113.522,1141.299,251,27.777000000000044,0.11100000000010368,0.11099999999987631
P028,21,21,1141.41,1166.881,234,25.471000000000004,0.1069999999999709,0.11100000000010368
P028,22,22,1166.988,1200.063,300,33.075000000000045,0.10999999999989996,0.1069999999999709
P028,23,23,1200.173,1227.255,247,27.082000000000107,0.11099999999987631,0.10999999999989996
P028,24,24,1227.366,1293.89,604,66.52400000000011,NA,0.11099999999987631
P029,1,1,134.84,203.59,620,68.75,0.11199999999999477,NA
P029,2,2,203.702,226.032,203,22.330000000000013,0.11099999999999,0.11199999999999477
P029,3,3,226.143,263.643,341,37.49999999999997,0.10900000000003729,0.11099999999999
P029,4,4,263.752,301.007,337,37.254999999999995,0.11099999999999,0.10900000000003729
P029,5,5,301.118,351.141,452,50.023000000000025,0.11199999999996635,0.11099999999999
P029,6,6,351.253,376.182,226,24.92900000000003,0.1099999999999568,0.11199999999996635
P029,7,7,376.292,397.506,192,21.214,0.11400000000003274,0.1099999999999568
P029,8,8,397.62,420.951,211,23.331000000000017,0.1139999999999759,0.11400000000003274
P029,9,9,421.065,444.698,214,23.63299999999998,0.11100000000004684,0.1139999999999759
P029,10,10,444.809,470.532,233,25.722999999999956,0.11200000000002319,0.11100000000004684
P029,11,11,470.644,491.2,186,20.555999999999983,0.11099999999999,0.11200000000002319
P029,12,12,491.311,508.238,154,16.92700000000002,0.10199999999997544,0.11099999999999
P029,13,13,508.34,522.867,132,14.526999999999987,0.11099999999999,0.10199999999997544
P029,14,14,522.978,537.892,135,14.914000000000101,0.11099999999999,0.11099999999999
P029,15,15,538.003,570.393,295,32.389999999999986,0.11099999999999,0.11099999999999
P029,16,16,570.504,584.953,131,14.448999999999955,0.11099999999999,0.11099999999999
P029,17,17,585.064,610.545,233,25.480999999999995,0.11200000000008004,0.11099999999999
P029,18,18,610.657,634.073,212,23.41599999999994,0.11400000000003274,0.11200000000008004
P029,19,19,634.187,644.793,97,10.605999999999995,0.11199999999996635,0.11400000000003274
P029,20,20,644.905,665.003,182,20.09800000000007,0.11199999999996635,0.11199999999996635
P029,21,21,665.115,683.56,167,18.444999999999936,0.11200000000008004,0.11199999999996635
P029,22,22,683.672,703.118,176,19.446000000000026,0.10999999999989996,0.11200000000008004
P029,23,23,703.228,720.325,155,17.097000000000094,0.11099999999999,0.10999999999989996
P029,24,24,720.436,733.436,118,13,NA,0.11099999999999
P030,1,1,427.44,457.218,269,29.77800000000002,0.10899999999998045,NA
P030,2,2,457.327,460.439,29,3.112000000000023,0.18099999999998317,0.10899999999998045
P030,1,3,460.62,513.618,478,52.99800000000005,0.1129999999999427,0.18099999999998317
P030,2,4,513.731,514.84,11,1.1090000000000373,0.11099999999999,0.1129999999999427
P030,1,5,514.951,559.528,403,44.577,0.11099999999999,0.11099999999999
P030,2,6,559.639,591.955,292,32.31600000000003,0.11399999999991905,0.11099999999999
P030,3,7,592.069,628.844,332,36.77500000000009,0.11199999999996635,0.11399999999991905
P030,4,8,628.956,674.287,409,45.33100000000002,0.11099999999999,0.11199999999996635
P030,5,9,674.398,702.92,261,28.521999999999935,0.11099999999999,0.11099999999999
P030,6,10,703.031,741.695,349,38.6640000000001,0.11099999999999,0.11099999999999
P030,7,11,741.806,799.662,525,57.855999999999995,0.11399999999991905,0.11099999999999
P030,8,12,799.776,853.327,483,53.551000000000045,0.11300000000005639,0.11399999999991905
P030,9,13,853.44,892.265,351,38.82499999999993,0.11000000000001364,0.11300000000005639
P030,10,14,892.375,933.78,374,41.40499999999997,0.11099999999999,0.11000000000001364
P030,11,15,933.891,967.441,303,33.55000000000007,0.11000000000001364,0.11099999999999
P030,12,16,967.551,996.024,258,28.472999999999956,0.11099999999999,0.11000000000001364
P030,13,17,996.135,1061.227,588,65.0920000000001,0.11099999999987631,0.11099999999999
P030,14,18,1061.338,1199.731,1263,138.39300000000003,0.11100000000010368,0.11099999999987631
P030,15,19,1199.842,1241.729,378,41.886999999999944,0.11099999999987631,0.11100000000010368
P030,16,20,1241.84,1308.833,604,66.99300000000017,0.11099999999987631,0.11099999999987631
P030,17,21,1308.944,1349.718,368,40.774000000000115,0.11099999999987631,0.11099999999987631
P030,18,22,1349.829,1453.361,942,103.53200000000015,0.11299999999982901,0.11099999999987631
P030,19,23,1453.474,1473.806,184,20.332000000000107,0.11300000000005639,0.11299999999982901
P030,20,24,1473.919,1532.467,527,58.548,0.09999999999990905,0.11300000000005639
P030,21,25,1532.567,1557.12,222,24.552999999999884,0.11000000000012733,0.09999999999990905
P030,22,26,1557.23,1611.337,488,54.10699999999997,0.11100000000010368,0.11000000000012733
P030,23,27,1611.448,1773.81,1471,162.36199999999985,0.11000000000012733,0.11100000000010368
P030,24,28,1773.92,1828.972,497,55.05199999999991,NA,0.11000000000012733
P031,1,1,142.771,180.984,345,38.21300000000002,0.10899999999998045,NA
P031,2,2,181.093,232.172,462,51.07900000000001,0.11199999999999477,0.10899999999998045
P031,3,3,232.284,261.177,261,28.89300000000003,0.11199999999996635,0.11199999999999477
P031,4,4,261.289,309.616,436,48.327,0.11299999999999955,0.11199999999996635
P031,5,5,309.729,423.481,1025,113.75200000000001,0.11099999999999,0.11299999999999955
P031,6,6,423.592,487.247,574,63.65500000000003,0.11199999999996635,0.11099999999999
P031,7,7,487.359,528.302,370,40.94300000000004,0.11099999999999,0.11199999999996635
P031,8,8,528.413,567.734,355,39.321000000000026,0.11000000000001364,0.11099999999999
P031,9,9,567.844,619.831,469,51.986999999999966,0.11099999999999,0.11000000000001364
P031,10,10,619.942,662.052,380,42.110000000000014,0.11199999999996635,0.11099999999999
P031,11,11,662.164,718.664,510,56.5,0.11000000000001364,0.11199999999996635
P031,12,12,718.774,745.299,240,26.524999999999977,0.11300000000005639,0.11000000000001364
P031,13,13,745.412,777.635,291,32.222999999999956,0.10900000000003729,0.11300000000005639
P031,14,14,777.744,818.146,367,40.40199999999993,0.10200000000008913,0.10900000000003729
P031,15,15,818.248,866.372,434,48.12399999999991,0.11099999999999,0.10200000000008913
P031,16,16,866.483,898.593,290,32.110000000000014,0.11000000000001364,0.11099999999999
P031,17,17,898.703,922.455,215,23.752000000000066,0.11000000000001364,0.11000000000001364
P031,18,18,922.565,983.471,550,60.90599999999995,0.11099999999999,0.11000000000001364
P031,19,19,983.582,1001.137,159,17.55499999999995,0.11000000000001364,0.11099999999999
P031,20,20,1001.247,1029.552,256,28.30499999999995,0.11100000000010368,0.11000000000001364
P031,21,21,1029.663,1058.648,262,28.9849999999999,0.11000000000012733,0.11100000000010368
P031,22,22,1058.758,1092.628,308,33.86999999999989,0.1150000000000091,0.11000000000012733
P031,23,23,1092.743,1128.176,320,35.43299999999999,0.11100000000010368,0.1150000000000091
P031,24,24,1128.287,1142.784,132,14.497000000000071,NA,0.11100000000010368
