"model","term","estimate","SE","df","t","p","ci_low","ci_high","ci_width"
"M0 baseline","(Intercept)",0.00867386439048672,0.0214469712644374,51.956480370626,0.404433068126007,0.687554415770264,-0.033361426865276,0.0507091556462495,0.0840705825115255
"M0 baseline","stimulusDisparity_m",0.346596423664192,0.0535140824337653,30.5049898097573,6.47673300001314,3.4313736673796e-07,0.241710749428304,0.451482097900079,0.209771348471775
"M0 baseline","soundTypeFlute",0.0120388868805103,0.0170578781432896,688.845580602789,0.705766964647144,0.480571674174965,-0.0213939399330102,0.0454717136940308,0.066865653627041
"M0 baseline","soundTypeSpeech",-0.00025015995141464,0.0170448007083159,689.249950968672,-0.0146766134550691,0.988294424253663,-0.0336573554633766,0.0331570355605473,0.0668143910239239
"M0 baseline","soundTypePink Noise",-0.0250685193184566,0.0170422135180914,689.522404770622,-1.47096615658786,0.141756464443864,-0.0584706440307574,0.00833360539384428,0.0668042494246017
"M1 disparity x soundType","(Intercept)",-0.014999841643124,0.0334172876134866,230.306459880931,-0.448864725845384,0.653951304069708,-0.0804965218265742,0.0504968385403261,0.1309933603669
"M1 disparity x soundType","stimulusDisparity_m",0.408094104068412,0.0852924848688136,162.033902783798,4.78464315696855,3.8298358848688e-06,0.24092390557361,0.575264302563214,0.334340396989604
"M1 disparity x soundType","soundTypeFlute",0.022454007500556,0.0479588177819955,706.438721994293,0.468193515582979,0.639790624917417,-0.0715435480932742,0.116451563094386,0.18799511118766
"M1 disparity x soundType","soundTypeSpeech",0.0190797718255657,0.0463373488405263,700.627047430204,0.411757951263683,0.68064277929964,-0.0717397630409347,0.109899306692066,0.181639069733001
"M1 disparity x soundType","soundTypePink Noise",0.0375161216873334,0.0461518161444157,703.959885947734,0.812885056786066,0.41655878727656,-0.0529397757768356,0.127972019151502,0.180911794928338
"M1 disparity x soundType","stimulusDisparity_m:soundTypeFlute",-0.025359080175885,0.119734951191582,708.891847661748,-0.211793464844774,0.832329043657421,-0.260035272202046,0.209317111850276,0.469352384052322
"M1 disparity x soundType","stimulusDisparity_m:soundTypeSpeech",-0.0499127996034223,0.113264971971271,705.31060110533,-0.440672864123275,0.659584874675971,-0.271908065377051,0.172082466170207,0.443990531547258
"M1 disparity x soundType","stimulusDisparity_m:soundTypePink Noise",-0.16267841198906,0.111489069946465,707.719578081039,-1.45914224656439,0.144969644536025,-0.381192973753999,0.0558361497758789,0.437029123529878
"M2 trial","(Intercept)",0.00954560731080168,0.021522969947926,51.4735461698803,0.443507904991594,0.659257076195053,-0.0326386386274711,0.0517298532490745,0.0843684918765456
"M2 trial","stimulusDisparity_m",0.344505171061004,0.0535662693081014,30.3706873522685,6.43138257546901,3.97316409087444e-07,0.239517212430952,0.449493129691056,0.209975917260104
"M2 trial","trialSequence_c",-0.00322298205189455,0.00238642074562353,708.94193264361,-1.35055063437795,0.177270360230637,-0.00790028076527589,0.00145431666148678,0.00935459742676267
"M2 trial","soundTypeFlute",0.0118486171341405,0.0170569188162104,686.919597764828,0.694651669613384,0.487508503140707,-0.0215823294328555,0.0452795637011365,0.066861893133992
"M2 trial","soundTypeSpeech",-0.000899113454065568,0.0170474483038393,687.103033786338,-0.0527418202443281,0.957952947436474,-0.034311498157899,0.0325132712497679,0.0668247694076669
"M2 trial","soundTypePink Noise",-0.0248098294570493,0.0170435280334371,687.176426557243,-1.45567451811478,0.145939303732861,-0.0582145305720848,0.00859487165798624,0.0668094022300711
"M2 trial","stimulusDisparity_m:trialSequence_c",0.00886803960724331,0.00597117498812912,710.542800560851,1.48514147129723,0.137949855703827,-0.00283524831487615,0.0205713275293628,0.0234065758442389
"M2 centred disparity","(Intercept)",0.140068615012923,0.0161931233175602,85.596768367239,8.64988256224968,2.62680839690864e-13,0.108330676513289,0.171806553512557,0.0634758769992676
"M2 centred disparity","stimDisparity_c",0.344505169659117,0.0535662713076507,30.3706958653293,6.431382309224,3.97316193717013e-07,0.239517207110021,0.449493132208214,0.209975925098193
"M2 centred disparity","trialSequence_c",0.000136860703683903,0.000875236259686997,701.626861474308,0.156370011147444,0.875786355134287,-0.00157857084326616,0.00185229225063396,0.00343086309390012
"M2 centred disparity","soundTypeFlute",0.0118486173042352,0.0170569188079291,686.919594007904,0.694651679922823,0.48750849668368,-0.0215823292465298,0.0452795638550002,0.06686189310153
"M2 centred disparity","soundTypeSpeech",-0.0008991132491156,0.0170474482952587,687.103030008158,-0.0527418082485497,0.957952956991006,-0.0343114979361314,0.0325132714379002,0.0668247693740316
"M2 centred disparity","soundTypePink Noise",-0.0248098295365598,0.0170435280249964,687.176422792439,-1.45567452350084,0.145939302246137,-0.0582145306350517,0.00859487156193217,0.0668094021969839
"M2 centred disparity","stimDisparity_c:trialSequence_c",0.00886803948740437,0.00597117498347333,710.542800176652,1.48514145238564,0.137949860711721,-0.0028352484255899,0.0205713274003986,0.0234065758259885
"M2 random trial slope","(Intercept)",0.0065845244192389,0.0214680066449094,51.4979418456001,0.306713358540917,0.760298313162047,-0.0354919954246501,0.0486610442631279,0.084153039687778
"M2 random trial slope","stimulusDisparity_m",0.347551707480393,0.0525319634539901,30.1333174987,6.61600451665575,2.4735184001991e-07,0.244590951073398,0.450512463887388,0.20592151281399
"M2 random trial slope","trialSequence_c",-0.00327550854184733,0.00245719664371242,405.765112520436,-1.33302662211787,0.183271023600259,-0.00809152546645637,0.0015405083827617,0.00963203384921807
"M2 random trial slope","soundTypeFlute",0.0146962681845829,0.0170205936950661,683.727325326144,0.863440397431202,0.3881981547594,-0.0186634824532362,0.0480560188224021,0.0667195012756383
"M2 random trial slope","soundTypeSpeech",-3.91562242911609e-05,0.0170242953931436,687.087269223301,-0.00230002025851423,0.998165518572654,-0.0334061620570239,0.0333278496084415,0.0667340116654654
"M2 random trial slope","soundTypePink Noise",-0.0212971814836589,0.0170153784867096,685.047539932825,-1.25164312391251,0.211127147001368,-0.0546467105009274,0.0120523475336096,0.066699058034537
"M2 random trial slope","stimulusDisparity_m:trialSequence_c",0.00899459887460493,0.00595873888952675,707.234663360845,1.50948028456392,0.131622698813425,-0.00268431474214569,0.0206735124913556,0.0233578272335012
