participantId,level,run_id,run_start,run_end,run_samples,run_duration,levelTime,n_runs,run_dur_diff,is_matched_run
P001,1,1,87.701,127.683,361,39.98200000000001,40.106475830078125,1,-0.12447583007811147,TRUE
P001,2,2,127.793,168.297,374,40.50399999999999,40.688446044921875,1,-0.18444604492188432,TRUE
P001,3,3,168.399,230.325,560,61.92599999999999,62.02711486816406,1,-0.10111486816407478,TRUE
P001,4,4,230.426,277.312,423,46.886000000000024,46.92765808105469,1,-0.0416580810546634,TRUE
P001,5,5,277.423,338.057,547,60.634000000000015,60.814422607421875,1,-0.18042260742186045,TRUE
P001,6,6,338.168,387.94,449,49.77199999999999,49.856048583984375,1,-0.08404858398438364,TRUE
P001,7,7,388.052,406.383,166,18.33099999999996,18.372802734375,1,-0.04180273437503956,TRUE
P001,8,8,406.493,494.044,789,87.55099999999999,87.67529296875,1,-0.12429296875001228,TRUE
P001,9,9,494.155,522.82,259,28.665000000000077,28.789642333984375,1,-0.12464233398429769,TRUE
P001,10,10,522.93,548.152,228,25.222000000000094,25.35955810546875,1,-0.13755810546865632,TRUE
P001,11,11,548.263,590.703,383,42.43999999999994,42.5792236328125,1,-0.13922363281255912,TRUE
P001,12,12,590.817,643.145,472,52.327999999999975,52.45556640625,1,-0.12756640625002547,TRUE
P001,13,13,643.256,682.253,352,38.99700000000007,39.06640625,1,-0.06940624999992906,TRUE
P001,14,14,682.364,701.919,177,19.55499999999995,19.66558837890625,1,-0.11058837890630002,TRUE
P001,15,15,702.029,729.337,247,27.307999999999993,27.40460205078125,1,-0.09660205078125728,TRUE
P001,16,16,729.448,754.886,230,25.437999999999988,25.549072265625,1,-0.11107226562501182,TRUE
P001,17,17,754.997,770.441,140,15.444000000000074,15.61029052734375,1,-0.16629052734367633,TRUE
P001,18,18,770.552,797.796,248,27.244000000000028,27.28594970703125,1,-0.041949707031221806,TRUE
P001,19,19,797.907,862.348,581,64.44099999999992,64.552490234375,1,-0.11149023437508276,TRUE
P001,20,20,862.46,887.237,224,24.77699999999993,24.9154052734375,1,-0.13840527343757003,TRUE
P001,21,21,887.347,917.122,269,29.774999999999977,29.85760498046875,1,-0.08260498046877274,TRUE
P001,22,22,917.232,969.759,474,52.527000000000044,52.692626953125,1,-0.16562695312495634,TRUE
P001,23,23,969.882,1079.271,991,109.38900000000001,109.52386474609375,1,-0.13486474609374,TRUE
P001,24,24,1079.38,1105.342,234,25.96199999999999,26.031494140625,1,-0.06949414062501091,TRUE
P002,1,1,223.652,269.982,420,46.33000000000004,46.52601623535156,1,-0.19601623535152157,TRUE
P002,2,2,270.096,294.481,221,24.38499999999999,24.443572998046875,1,-0.058572998046884095,TRUE
P002,3,3,294.591,336.728,381,42.137,42.302703857421875,1,-0.16570385742187455,TRUE
P002,4,4,336.842,366.391,269,29.549000000000035,29.6492919921875,1,-0.10029199218746498,TRUE
P002,5,5,366.502,393.42,244,26.918000000000006,27.0555419921875,1,-0.13754199218749363,TRUE
P002,6,6,393.53,412.643,173,19.113,19.168701171875,1,-0.055701171875000455,TRUE
P002,7,7,412.754,486.233,664,73.478999999999985,73.636993408203125,1,-0.15799340820314,TRUE
P002,8,8,486.336,528.69,383,42.35400000000004,42.39544677734375,1,-0.04144677734370816,TRUE
P002,9,9,528.8,556.643,252,27.843000000000075,27.95257568359375,1,-0.10957568359367542,TRUE
P002,10,10,556.754,619.902,571,63.148000000000025,63.2867431640625,1,-0.13874316406247544,TRUE
P002,11,11,620.014,646.529,240,26.514999999999986,26.64215087890625,1,-0.12715087890626364,TRUE
P002,12,12,646.641,699.126,476,52.485000000000014,52.5963134765625,1,-0.11131347656248636,TRUE
P002,13,13,699.237,741.882,386,42.64499999999998,42.756591796875,1,-0.11159179687501819,TRUE
P002,14,14,741.994,780.203,345,38.208999999999946,38.306884765625,1,-0.09788476562505366,TRUE
P002,15,15,780.315,829.951,449,49.63599999999997,49.69232177734375,1,-0.05632177734378274,TRUE
P002,16,16,830.062,891.682,556,61.620000000000005,61.7720947265625,1,-0.15209472656249545,TRUE
P002,17,17,891.793,963.47,647,71.67700000000002,71.8302001953125,1,-0.15320019531247908,TRUE
P002,18,18,963.583,1068.576,953,104.99300000000005,105.04876708984375,1,-0.05576708984369816,TRUE
P002,19,19,1068.682,1152.462,756,83.77999999999997,83.9146728515625,1,-0.13467285156252728,TRUE
P002,20,20,1152.572,1186.554,307,33.9820000000002,34.0638427734375,1,-0.08184277343730173,TRUE
P002,21,21,1186.662,1258.869,652,72.20699999999988,72.28857421875,1,-0.08157421875012005,TRUE
P002,22,22,1258.98,1365.476,961,106.4960000000001,106.7041015625,1,-0.2081015624999054,TRUE
P002,23,23,1365.587,1469.971,942,104.38400000000001,104.4256591796875,1,-0.04165917968748545,TRUE
P002,24,24,1470.083,1543.731,664,73.64799999999991,73.8294677734375,1,-0.18146777343758913,TRUE
P003,1,1,178.215,258.745,726,80.53,80.668670654296875,1,-0.13867065429687386,TRUE
P003,2,2,258.856,339.96,740,81.103999999999985,81.286102294921875,1,-0.18210229492189,TRUE
P003,3,3,340.073,375.023,319,34.950000000000045,34.963897705078125,1,-0.013897705078079525,TRUE
P003,4,4,375.123,414.764,360,39.64100000000002,39.759185791015625,1,-0.11818579101560545,TRUE
P003,5,5,414.874,497.634,747,82.75999999999999,82.930511474609375,1,-0.1705114746093841,TRUE
P003,6,6,497.743,526.328,263,28.58499999999998,28.642608642578125,1,-0.057608642578145464,TRUE
P003,7,7,526.439,586.855,548,60.416000000000054,60.51593017578125,1,-0.09993017578119634,TRUE
P003,8,8,586.967,608.328,198,21.36099999999999,21.55364990234375,1,-0.19264990234376,TRUE
P003,9,9,608.439,636.772,256,28.333000000000084,28.445068359375,1,-0.11206835937491633,TRUE
P003,10,10,636.884,681.575,405,44.69100000000003,44.73260498046875,1,-0.04160498046871908,TRUE
P003,11,11,681.685,724.58,387,42.895000000000095,43.07464599609375,1,-0.1796459960936545,TRUE
P003,12,12,724.691,810.777,777,86.08600000000001,86.1759033203125,1,-0.08990332031248727,TRUE
P003,13,13,810.884,854.566,396,43.682000000000016,43.768798828125,1,-0.08679882812498363,TRUE
P003,14,14,854.677,891.189,330,36.511999999999944,36.5677490234375,2,-0.05574902343755639,TRUE
P003,15,15,891.301,950.192,531,58.89099999999996,30.1724853515625,2,28.718514648437463,FALSE
P003,14,16,950.304,973.99,217,23.686000000000035,36.5677490234375,2,-12.881749023437465,FALSE
P003,15,17,974.104,1004.219,272,30.11500000000001,30.1724853515625,2,-0.057485351562490905,TRUE
P003,16,18,1004.33,1038.607,311,34.27699999999993,34.4024658203125,1,-0.12546582031257003,TRUE
P003,17,19,1038.718,1055.964,159,17.245999999999867,17.4075927734375,1,-0.1615927734376328,TRUE
P003,18,20,1056.07,1083.88,254,27.810000000000173,27.8388671875,1,-0.028867187499827196,TRUE
P003,19,21,1083.98,1095.785,110,11.805000000000064,11.9857177734375,1,-0.18071777343743634,TRUE
P003,20,22,1095.895,1163.799,614,67.904,67.9173583984375,1,-0.013358398437503638,TRUE
P003,21,23,1163.91,1209.026,407,45.115999999999985,45.324462890625,1,-0.20846289062501455,TRUE
P003,22,24,1209.137,1227.792,171,18.654999999999973,18.7320556640625,1,-0.07705566406252728,TRUE
P003,23,25,1227.9,1264.707,338,36.807000000000016,36.8939208984375,1,-0.08692089843748363,TRUE
P003,24,26,1264.818,1285.815,190,20.99700000000007,21.1640625,1,-0.16706249999992906,TRUE
P004,1,1,115.018,138.905,216,23.887,24.025665283203125,1,-0.13866528320312455,TRUE
P004,2,2,139.015,174.462,320,35.447,35.62532043457031,1,-0.17832043457030977,TRUE
P004,3,3,174.572,195.528,190,20.95599999999999,21.0670166015625,1,-0.11101660156251114,TRUE
P004,4,4,195.639,228.373,296,32.73399999999998,32.78874206542969,1,-0.054742065429707054,TRUE
P004,5,5,228.484,262.168,311,33.684,33.78289794921875,1,-0.0988979492187525,TRUE
P004,6,6,262.269,295.94,304,33.67099999999999,33.784759521484375,1,-0.11375952148438273,TRUE
P004,7,7,296.051,313.271,156,17.220000000000027,17.35870361328125,1,-0.13870361328122272,TRUE
P004,8,8,313.383,359.767,419,46.384000000000015,46.482086181640625,1,-0.09808618164061045,TRUE
P004,9,9,359.879,395.989,326,36.10999999999996,36.2076416015625,1,-0.0976416015625432,TRUE
P004,10,10,396.099,407.988,108,11.88900000000001,11.95782470703125,1,-0.06882470703124,TRUE
P004,11,11,408.099,447.987,360,39.888000000000034,40.06793212890625,1,-0.17993212890621635,TRUE
P004,12,12,448.098,461.652,123,13.553999999999974,13.6099853515625,1,-0.055985351562526375,TRUE
P004,13,13,461.763,474.982,120,13.219000000000051,13.398956298828125,1,-0.17995629882807407,TRUE
P004,14,14,475.095,507.983,297,32.88799999999998,32.931732177734375,1,-0.04373217773439819,TRUE
P004,15,15,508.094,571.866,575,63.77199999999999,63.952789306640625,1,-0.18078930664063364,TRUE
P004,16,16,571.979,606.058,308,34.07899999999995,34.20623779296875,1,-0.1272377929687991,TRUE
P004,17,17,606.17,638.835,295,32.66500000000008,32.73468017578125,1,-0.06968017578117269,TRUE
P004,18,18,638.946,683.387,401,44.44099999999992,44.58001708984375,1,-0.13901708984383276,TRUE
P004,19,19,683.5,700.803,157,17.302999999999997,17.41558837890625,1,-0.11258837890625273,TRUE
P004,20,20,700.916,712.803,108,11.886999999999944,11.9591064453125,1,-0.07210644531255639,TRUE
P004,21,21,712.914,731.915,172,19.000999999999976,19.0972900390625,1,-0.09629003906252365,TRUE
P004,22,22,732.026,754.689,205,22.66300000000001,22.815673828125,1,-0.15267382812498909,TRUE
P004,23,23,754.789,780.536,233,25.746999999999957,25.79119873046875,1,-0.044198730468792746,TRUE
P004,24,24,780.646,802.311,196,21.665000000000077,21.84503173828125,1,-0.1800317382811727,TRUE
P005,1,1,123.124,174.931,471,51.807000000000016,51.93536376953125,1,-0.12836376953123363,TRUE
P005,2,2,175.038,237.711,571,62.673,62.804412841796875,1,-0.13141284179687318,TRUE
P005,3,3,237.822,279.615,379,41.793000000000006,41.931915283203125,1,-0.13891528320311863,TRUE
P005,4,4,279.727,312.833,299,33.10600000000005,33.148590087890625,1,-0.042590087890573614,TRUE
P005,5,5,312.944,359.15,417,46.20599999999996,46.35888671875,1,-0.15288671875003956,TRUE
P005,6,6,359.261,400.91,376,41.649,41.76922607421875,1,-0.12022607421874909,TRUE
P005,7,7,401.019,427.352,238,26.33299999999997,26.432464599609375,1,-0.09946459960940501,TRUE
P005,8,8,427.462,504.32,693,76.858,76.926116943359375,1,-0.06811694335937091,TRUE
P005,9,9,504.43,571.801,611,67.37100000000004,67.57830810546875,1,-0.20730810546871226,TRUE
P005,10,10,571.912,582.91,100,10.997999999999934,11.0390625,1,-0.04106250000006639,TRUE
P005,11,11,583.02,629.574,420,46.553999999999974,46.73358154296875,1,-0.17958154296877638,TRUE
P005,12,12,629.685,724.108,851,94.423,94.46466064453125,1,-0.04166064453124818,TRUE
P005,13,13,724.218,757.396,300,33.178,33.26031494140625,1,-0.08231494140625273,TRUE
P005,14,14,757.507,821.788,588,64.28100000000006,64.40838623046875,1,-0.12738623046868724,TRUE
P005,15,15,821.902,858.777,333,36.875,37.0281982421875,1,-0.1531982421875,TRUE
P005,16,16,858.888,879.775,189,20.886999999999944,21.02520751953125,1,-0.1382075195313064,TRUE
P005,17,17,879.888,898.206,166,18.317999999999984,18.4322509765625,1,-0.11425097656251637,TRUE
P005,18,18,898.32,941.421,389,43.101,43.20086669921875,1,-0.09986669921875091,TRUE
P005,19,19,941.532,988.235,423,46.702999999999975,46.7779541015625,1,-0.07495410156252547,TRUE
P005,20,20,988.345,997.762,87,9.416999999999916,9.49334716796875,1,-0.07634716796883367,TRUE
P005,21,21,997.873,1032.927,317,35.05399999999986,35.23468017578125,1,-0.18068017578139006,TRUE
P005,22,22,1033.039,1060.847,252,27.807999999999993,27.9473876953125,1,-0.13938769531250728,TRUE
P005,23,23,1060.958,1090.178,264,29.220000000000027,29.2332763671875,1,-0.013276367187472715,TRUE
P005,24,24,1090.289,1107.798,159,17.509000000000015,17.6763916015625,1,-0.16739160156248545,TRUE
P006,1,1,228.058,323.369,865,95.31100000000004,95.50439453125,1,-0.19339453124996453,TRUE
P006,2,2,323.483,357.729,310,34.24599999999998,34.36175537109375,1,-0.1157553710937691,TRUE
P006,3,3,357.843,405.776,433,47.93299999999999,48.059967041015625,1,-0.12696704101563228,TRUE
P006,4,4,405.887,445.568,359,39.68099999999998,39.7637939453125,1,-0.08279394531251683,TRUE
P006,5,5,445.679,461.678,145,15.999000000000024,16.068511962890625,1,-0.06951196289060135,TRUE
P006,6,6,461.788,489.677,252,27.88900000000001,28.040771484375,1,-0.15177148437499,TRUE
P006,7,7,489.788,556.199,603,66.41099999999994,66.45294189453125,1,-0.04194189453130548,TRUE
P006,8,8,556.31,601.595,410,45.28500000000008,45.4508056640625,1,-0.16580566406241815,TRUE
P006,9,9,601.705,632.596,279,30.890999999999963,30.95965576171875,1,-0.06865576171878729,TRUE
P006,10,10,632.706,712.792,723,80.08600000000001,80.18280029296875,1,-0.09680029296873727,TRUE
P006,11,11,712.903,761.764,441,48.86099999999999,49.04107666015625,1,-0.18007666015626,TRUE
P006,12,12,761.875,817.041,499,55.166000000000054,55.278076171875,1,-0.11207617187494634,TRUE
P006,13,13,817.142,831.345,129,14.202999999999975,14.27520751953125,1,-0.07220751953127547,TRUE
P006,14,14,831.456,853.421,199,21.965000000000032,22.0546875,1,-0.08968749999996817,TRUE
P006,15,15,853.525,908.379,495,54.85400000000004,54.9791259765625,1,-0.12512597656245816,TRUE
P006,16,16,908.489,950.801,382,42.31200000000001,42.380859375,1,-0.06885937499998818,TRUE
P006,17,17,950.912,977.913,245,27.000999999999976,27.1497802734375,1,-0.14878027343752365,TRUE
P006,18,18,978.017,997.192,174,19.174999999999955,19.33856201171875,1,-0.16356201171879547,TRUE
P006,19,19,997.304,1011.08,125,13.776000000000067,13.80401611328125,1,-0.028016113281182697,TRUE
P006,20,20,1011.19,1041.272,272,30.08199999999988,30.220703125,1,-0.13870312500012005,TRUE
P006,21,21,1041.384,1056.493,137,15.108999999999924,15.275634765625,1,-0.1666347656250764,TRUE
P006,22,22,1056.604,1069.058,113,12.453999999999951,12.524169921875,1,-0.07016992187504911,TRUE
P006,23,23,1069.169,1101.808,295,32.638999999999896,32.791015625,1,-0.15201562500010368,TRUE
P006,24,24,1101.919,1126.469,223,24.549999999999955,24.633056640625,1,-0.08305664062504547,TRUE
P007,1,1,72.824,127.394,493,54.57000000000001,54.76466369628906,1,-0.1946636962890551,TRUE
P007,2,2,127.509,161.848,311,34.33900000000001,34.37153625488281,1,-0.03253625488279965,TRUE
P007,3,3,161.96,205.364,392,43.403999999999996,43.556732177734375,1,-0.15273217773437864,TRUE
P007,4,4,205.475,238.67,300,33.19499999999999,33.348388671875,1,-0.15338867187500682,TRUE
P007,5,5,238.784,259.093,185,20.309000000000026,20.34149169921875,1,-0.03249169921872408,TRUE
P007,6,6,259.2,269.557,95,10.357000000000028,10.461090087890625,1,-0.10409008789059726,TRUE
P007,7,7,269.668,306.917,337,37.24899999999997,37.360595703125,1,-0.1115957031250332,TRUE
P007,8,8,307.028,321.766,134,14.738,14.904510498046875,1,-0.16651049804687545,TRUE
P007,9,9,321.877,346.325,221,24.44799999999998,24.53125,1,-0.08325000000002092,TRUE
P007,10,10,346.436,407.225,553,60.789000000000044,60.886505126953125,1,-0.09750512695308089,TRUE
P007,11,11,407.333,445.929,350,38.59599999999995,38.71697998046875,1,-0.1209799804688032,TRUE
P007,12,12,446.039,482.82,332,36.781000000000006,36.891448974609375,1,-0.11044897460936909,TRUE
P007,13,13,482.93,513.333,278,30.402999999999963,30.583099365234375,1,-0.18009936523441183,TRUE
P007,14,14,513.445,541.001,249,27.555999999999926,27.58367919921875,1,-0.02767919921882367,TRUE
P007,15,15,541.112,571.046,273,29.934000000000083,30.0321044921875,1,-0.09810449218741724,TRUE
P007,16,16,571.151,609.987,351,38.83600000000001,39.023681640625,1,-0.18768164062498727,TRUE
P007,17,17,610.1,637.306,246,27.206000000000017,27.2911376953125,1,-0.08513769531248272,TRUE
P007,18,18,637.417,658.641,192,21.223999999999933,21.376220703125,1,-0.1522207031250673,TRUE
P007,19,19,658.752,678.623,182,19.871000000000095,19.98431396484375,1,-0.11331396484365541,TRUE
P007,20,20,678.736,712.983,311,34.24699999999996,34.26153564453125,1,-0.014535644531292746,TRUE
P007,21,21,713.09,733.641,186,20.55099999999993,20.754150390625,1,-0.20315039062506912,TRUE
P007,22,22,733.752,766.026,293,32.274,32.31597900390625,1,-0.04197900390624909,TRUE
P007,23,23,766.137,787.733,198,21.596000000000004,21.7236328125,1,-0.12763281249999636,TRUE
P007,24,24,787.836,801.612,126,13.775999999999954,13.904052734375,1,-0.12805273437504638,TRUE
P008,1,1,83.549,144.588,551,61.03899999999999,61.20317840576172,1,-0.16417840576173148,TRUE
P008,2,2,144.699,189.546,406,44.84699999999998,44.90303039550781,1,-0.05603039550783251,TRUE
P008,3,3,189.658,221.195,285,31.537000000000006,31.689544677734375,1,-0.15254467773436886,TRUE
P008,4,4,221.306,245.749,221,24.442999999999984,24.581817626953125,1,-0.13881762695314137,TRUE
P008,5,5,245.86,289.078,390,43.21799999999996,43.35638427734375,1,-0.1383842773437891,TRUE
P008,6,6,289.188,359.725,636,70.53700000000003,70.620208740234375,1,-0.08320874023434044,TRUE
P008,7,7,359.826,373.6,125,13.774000000000001,13.87457275390625,1,-0.10057275390624909,TRUE
P008,8,8,373.71,406.241,297,32.531000000000006,32.645721435546875,1,-0.11472143554686909,TRUE
P008,9,9,406.345,416.915,99,10.569999999999993,10.69793701171875,1,-0.12793701171875682,TRUE
P008,10,10,417.027,474.467,518,57.44,57.5509033203125,2,-0.11090332031250227,TRUE
P008,11,11,474.578,566.168,843,91.59000000000003,25.7218017578125,2,65.86819824218753,FALSE
P008,10,12,566.279,645.828,717,79.54899999999998,57.5509033203125,2,21.998096679687478,FALSE
P008,11,13,645.939,671.605,232,25.666000000000054,25.7218017578125,2,-0.05580175781244634,TRUE
P008,12,14,671.716,706.7,316,34.98400000000004,35.13604736328125,1,-0.1520473632812127,TRUE
P008,13,15,706.81,728.585,197,21.77500000000009,21.927001953125,1,-0.15200195312490905,TRUE
P008,14,16,728.698,772.803,398,44.10500000000002,44.1627197265625,1,-0.05771972656248181,TRUE
P008,15,17,772.914,782.358,86,9.44399999999996,9.6241455078125,1,-0.18014550781254002,TRUE
P008,16,18,782.469,801.136,169,18.666999999999916,18.70880126953125,1,-0.041801269531333674,TRUE
P008,17,19,801.247,837.896,331,36.649,36.73175048828125,1,-0.08275048828124909,TRUE
P008,18,20,838.007,862.502,225,24.495000000000005,24.69134521484375,1,-0.19634521484374545,TRUE
P008,19,21,862.617,873.185,96,10.567999999999984,10.652587890625,1,-0.08458789062501637,TRUE
P008,20,22,873.297,891.628,166,18.331000000000017,18.457763671875,1,-0.12676367187498272,TRUE
P008,21,23,891.739,917.292,231,25.552999999999997,25.595458984375,1,-0.04245898437500273,TRUE
P008,22,24,917.404,923.517,56,6.113000000000056,6.29339599609375,1,-0.1803959960936936,TRUE
P008,23,25,923.628,973.273,451,49.64499999999998,49.7843017578125,1,-0.1393017578125182,TRUE
P008,24,26,973.385,1012.508,353,39.12300000000005,39.1790771484375,1,-0.056077148437452706,TRUE
P009,1,1,39.995,85.547,411,45.552,45.689910888671875,1,-0.1379108886718754,TRUE
P009,2,2,85.657,143.405,521,57.748000000000005,57.84374237060547,1,-0.09574237060546409,TRUE
P009,3,3,143.515,188.649,409,45.134000000000015,45.2305908203125,1,-0.09659082031248545,TRUE
P009,4,4,188.759,234.934,418,46.17500000000001,46.34193420410156,1,-0.16693420410155113,TRUE
P009,5,5,235.047,268.491,302,33.44399999999999,33.52784729003906,1,-0.0838472900390741,TRUE
P009,6,6,268.602,298.668,272,30.06600000000003,30.17724609375,1,-0.11124609374996908,TRUE
P009,7,7,298.779,360.887,560,62.108000000000004,62.261077880859375,1,-0.1530778808593709,TRUE
P009,8,8,360.999,411.08,452,50.08099999999996,50.12347412109375,1,-0.04247412109378956,TRUE
P009,9,9,411.192,439.489,259,28.29699999999997,28.478668212890625,1,-0.18166821289065638,TRUE
P009,10,10,439.601,499.347,540,59.74599999999998,59.856842041015625,1,-0.1108420410156441,TRUE
P009,11,11,499.458,551.747,479,52.28899999999993,52.430206298828125,1,-0.14120629882819458,TRUE
P009,12,12,551.86,600.772,442,48.912000000000035,48.96771240234375,1,-0.05571240234371544,TRUE
P009,13,13,600.883,662.877,559,61.993999999999915,62.091064453125,1,-0.09706445312508549,TRUE
P009,14,14,662.988,676.544,123,13.555999999999926,13.72210693359375,1,-0.16610693359382367,TRUE
P009,15,15,676.657,706.259,269,29.601999999999975,29.6619873046875,1,-0.059987304687524556,TRUE
P009,16,16,706.359,728.457,200,22.097999999999956,22.20965576171875,1,-0.11165576171879366,TRUE
P009,17,17,728.567,762.44,306,33.87300000000005,33.94171142578125,1,-0.0687114257812027,TRUE
P009,18,18,762.551,781.755,174,19.20399999999995,19.328857421875,1,-0.12485742187504911,TRUE
P009,19,19,781.866,806.698,225,24.831999999999994,25.02569580078125,1,-0.19369580078125637,TRUE
P009,20,20,806.809,858.059,463,51.25,51.2779541015625,1,-0.0279541015625,TRUE
P009,21,21,858.17,912.345,489,54.17500000000007,54.3267822265625,1,-0.1517822265624318,TRUE
P009,22,22,912.455,948.189,323,35.733999999999924,35.8865966796875,1,-0.1525966796875764,TRUE
P009,23,23,948.3,983.238,317,34.9380000000001,35.021484375,1,-0.08348437499989814,TRUE
P009,24,24,983.349,1033.971,457,50.62199999999996,50.7470703125,1,-0.12507031250004275,TRUE
P010,1,1,172.501,257.461,769,84.96000000000001,85.08711242675781,1,-0.12711242675780454,TRUE
P010,2,2,257.566,360.002,925,102.43600000000004,102.52590942382812,1,-0.08990942382808953,TRUE
P010,3,3,360.117,410.683,458,50.565999999999974,50.761474609375,1,-0.19547460937502592,TRUE
P010,4,4,410.798,470.061,537,59.26299999999998,59.296234130859375,1,-0.03323413085939819,TRUE
P010,5,5,470.172,501.337,282,31.164999999999964,31.3040771484375,1,-0.13907714843753638,TRUE
P010,6,6,501.447,548.528,425,47.08100000000002,47.232025146484375,1,-0.15102514648435772,TRUE
P010,7,7,548.639,569.261,187,20.621999999999957,20.69244384765625,1,-0.07044384765629275,TRUE
P010,8,8,569.372,593.843,222,24.471000000000004,24.55450439453125,1,-0.08350439453124636,TRUE
P010,9,9,593.943,611.771,164,17.827999999999975,18.01849365234375,1,-0.19049365234377547,TRUE
P010,10,10,611.876,635.104,211,23.228000000000065,23.2696533203125,1,-0.041653320312434516,TRUE
P010,11,11,635.215,649.324,128,14.108999999999924,14.24786376953125,1,-0.1388637695313264,TRUE
P010,12,12,649.436,691.902,384,42.46600000000001,42.6094970703125,1,-0.14349707031249181,TRUE
P010,13,13,692.003,713.446,194,21.442999999999984,21.553955078125,1,-0.11095507812501637,TRUE
P010,14,14,713.557,754.775,372,41.21799999999996,41.31475830078125,1,-0.09675830078128911,TRUE
P010,15,15,754.889,771.786,154,16.896999999999935,16.95574951171875,1,-0.058749511718815484,TRUE
P010,16,16,771.897,796.995,227,25.097999999999956,25.18115234375,1,-0.08315234375004366,TRUE
P010,17,17,797.106,813.995,153,16.88900000000001,16.99945068359375,1,-0.11045068359374,TRUE
P010,18,18,814.106,851.535,338,37.428999999999974,37.54034423828125,1,-0.11134423828127638,TRUE
P010,19,19,851.646,888.82,339,37.17400000000009,37.29901123046875,1,-0.12501123046865814,TRUE
P010,20,20,888.93,927.999,354,39.069000000000074,39.22027587890625,1,-0.15127587890617633,TRUE
P010,21,21,928.109,952.563,222,24.45399999999995,24.5091552734375,1,-0.05515527343754911,TRUE
P010,22,22,952.674,972.869,183,20.19500000000005,20.37567138671875,1,-0.18067138671869998,TRUE
P010,23,23,972.97,1004.824,288,31.853999999999928,31.90020751953125,1,-0.04620751953132185,TRUE
P010,24,24,1004.934,1029.418,222,24.483999999999924,24.66546630859375,1,-0.1814663085938264,TRUE
P011,1,1,24.159,97.487,662,73.328,73.49425506591797,1,-0.1662550659179658,TRUE
P011,2,2,97.597,133.817,330,36.22000000000001,36.35871887207031,1,-0.13871887207029943,TRUE
P011,3,3,133.93,152.802,171,18.871999999999986,18.94293212890625,1,-0.07093212890626432,TRUE
P011,4,4,152.912,191.689,350,38.77699999999999,38.859375,1,-0.08237500000001319,TRUE
P011,5,5,191.8,211.352,177,19.551999999999992,19.705154418945312,1,-0.15315441894532,TRUE
P011,6,6,211.463,222.908,104,11.444999999999993,11.556045532226562,1,-0.11104553222656932,TRUE
P011,7,7,223.02,244.796,197,21.775999999999982,21.914901733398438,1,-0.13890173339845546,TRUE
P011,8,8,244.909,279.099,311,34.19,34.248687744140625,1,-0.058687744140627274,TRUE
P011,9,9,279.207,309.179,271,29.97199999999998,30.107391357421875,1,-0.135391357421895,TRUE
P011,10,10,309.29,343.72,311,34.43000000000001,34.540283203125,1,-0.11028320312499318,TRUE
P011,11,11,343.83,356.384,114,12.55400000000003,12.69256591796875,1,-0.13856591796871953,TRUE
P011,12,12,356.498,384.827,256,28.329000000000008,28.414703369140625,1,-0.08570336914061727,TRUE
P011,13,13,384.938,424.043,353,39.10500000000002,39.22967529296875,1,-0.12467529296873181,TRUE
P011,14,14,424.154,459.619,335,35.46500000000003,35.5662841796875,1,-0.10128417968746817,TRUE
P011,15,15,459.722,489.483,270,29.761000000000024,29.84588623046875,1,-0.0848862304687259,TRUE
P011,16,16,489.594,529.989,374,40.39500000000004,40.564849853515625,1,-0.16984985351558635,TRUE
P011,17,17,530.103,550.703,187,20.600000000000023,20.68341064453125,1,-0.08341064453122726,TRUE
P011,18,18,550.814,579.603,260,28.788999999999987,28.90008544921875,1,-0.11108544921876273,TRUE
P011,19,19,579.714,608.405,261,28.690999999999917,28.8160400390625,1,-0.12504003906258276,TRUE
P011,20,20,608.518,649.07,366,40.55200000000002,40.5814208984375,1,-0.02942089843747908,TRUE
P011,21,21,649.181,667.736,168,18.55499999999995,18.69342041015625,1,-0.13842041015630002,TRUE
P011,22,22,667.847,703.049,320,35.202,35.38330078125,1,-0.18130078125000182,TRUE
P011,23,23,703.161,744.845,380,41.68400000000008,41.739990234375,1,-0.055990234374917236,TRUE
P011,24,24,744.951,764.033,173,19.081999999999994,19.14617919921875,1,-0.06417919921875637,TRUE
P012,1,1,272.879,329.988,515,57.10899999999998,57.302886962890625,1,-0.19388696289064455,TRUE
P012,2,2,330.103,356.64,240,26.536999999999978,26.663299560546875,1,-0.12629956054689728,TRUE
P012,3,3,356.749,447.443,824,90.69399999999996,90.7547607421875,1,-0.06076074218754002,TRUE
P012,4,4,447.549,490.844,391,43.295000000000016,43.410125732421875,1,-0.11512573242185908,TRUE
P012,5,5,490.956,597.225,958,106.269,106.42239379882812,1,-0.15339379882811954,TRUE
P012,6,6,597.336,633.43,326,36.09399999999994,36.1219482421875,1,-0.027948242187562755,TRUE
P012,7,7,633.542,719.91,785,86.36799999999994,86.493408203125,1,-0.12540820312506185,TRUE
P012,8,8,720.021,761.659,376,41.638000000000034,41.77239990234375,1,-0.13439990234371635,TRUE
P012,9,9,761.767,925.471,1478,163.70399999999995,163.7760009765625,1,-0.07200097656254911,TRUE
P012,10,10,925.583,1001.096,681,75.51300000000003,75.70013427734375,1,-0.18713427734371635,TRUE
P012,11,11,1001.2,1021.396,183,20.195999999999913,20.23822021484375,1,-0.04222021484383731,TRUE
P012,12,12,1021.508,1038.727,156,17.21900000000005,17.3719482421875,1,-0.15294824218744907,TRUE
P012,13,13,1038.838,1073.393,312,34.555000000000064,34.65283203125,1,-0.09783203124993634,TRUE
P012,14,14,1073.505,1180.801,977,107.29599999999982,107.3516845703125,1,-0.05568457031267826,TRUE
P012,15,15,1180.911,1197.469,150,16.557999999999993,16.710205078125,1,-0.15220507812500728,TRUE
P012,16,16,1197.58,1229.03,285,31.450000000000045,31.5338134765625,1,-0.08381347656245453,TRUE
P012,17,17,1229.141,1246.367,156,17.225999999999885,17.349853515625,1,-0.1238535156251146,TRUE
P012,18,18,1246.478,1303.794,517,57.31600000000003,57.4688720703125,1,-0.15287207031246908,TRUE
P012,19,19,1303.905,1322.275,167,18.37000000000012,18.4522705078125,1,-0.08227050781238177,TRUE
P012,20,20,1322.386,1330.981,79,8.595000000000027,8.7071533203125,1,-0.11215332031247272,TRUE
P012,21,21,1331.093,1344.981,126,13.88799999999992,13.9583740234375,1,-0.07037402343758004,TRUE
P012,22,22,1345.092,1359.43,131,14.337999999999965,14.5198974609375,1,-0.18189746093753456,TRUE
P012,23,23,1359.532,1368.968,86,9.43600000000015,9.466796875,1,-0.030796874999850843,TRUE
P012,24,24,1369.079,1396.41,247,27.33100000000013,27.4427490234375,1,-0.11174902343736903,TRUE
P013,1,1,51.189,73.4,201,22.211000000000006,22.404586791992188,1,-0.19358679199218187,TRUE
P013,2,2,73.514,89.636,148,16.122,16.194412231445312,1,-0.07241223144531261,TRUE
P013,3,3,89.747,118.416,259,28.668999999999997,28.73853302001953,1,-0.06953302001953432,TRUE
P013,4,4,118.526,160.527,379,42.00099999999999,42.139259338378906,1,-0.13825933837891569,TRUE
P013,5,5,160.638,176.527,144,15.888999999999982,15.999755859375,1,-0.11075585937501842,TRUE
P013,6,6,176.637,198.637,199,22,22.151138305664062,1,-0.1511383056640625,TRUE
P013,7,7,198.748,219.529,188,20.781000000000006,20.850677490234375,1,-0.06967749023436909,TRUE
P013,8,8,219.64,238.637,172,18.997000000000014,19.164199829101562,1,-0.1671998291015484,TRUE
P013,9,9,238.75,251.067,112,12.317000000000007,12.346588134765625,1,-0.029588134765617724,TRUE
P013,10,10,251.178,261.403,93,10.225000000000023,10.335922241210938,1,-0.11092224121091476,TRUE
P013,11,11,261.513,271.845,94,10.33200000000005,10.484039306640625,1,-0.15203930664057452,TRUE
P013,12,12,271.956,286.625,133,14.668999999999983,14.77947998046875,1,-0.11047998046876728,TRUE
P013,13,13,286.735,306.154,176,19.418999999999983,19.515869140625,1,-0.09686914062501728,TRUE
P013,14,14,306.265,319.262,118,12.997000000000014,13.0799560546875,1,-0.0829560546874859,TRUE
P013,15,15,319.374,341.031,197,21.656999999999982,21.87066650390625,1,-0.21366650390626774,TRUE
P013,16,16,341.147,364.502,217,23.355000000000018,23.459197998046875,1,-0.10419799804685681,TRUE
P013,17,17,364.606,387.785,212,23.17900000000003,23.24871826171875,1,-0.06971826171871953,TRUE
P013,18,18,387.896,429.762,379,41.865999999999985,41.92138671875,1,-0.05538671875001455,TRUE
P013,19,19,429.873,457.208,247,27.335000000000036,27.4879150390625,1,-0.15291503906246362,TRUE
P013,20,20,457.32,478.194,189,20.874000000000024,20.957855224609375,1,-0.08385522460935135,TRUE
P013,21,21,478.306,494.194,144,15.888000000000034,16.0550537109375,1,-0.16705371093746635,TRUE
P013,22,22,494.305,557.012,566,62.70699999999994,62.7496337890625,1,-0.04263378906256321,TRUE
P013,23,23,557.124,565.789,79,8.664999999999964,8.86041259765625,1,-0.19541259765628638,TRUE
P013,24,24,565.903,585.568,178,19.664999999999964,19.75079345703125,1,-0.08579345703128638,TRUE
P014,1,1,55.08,78.526,212,23.445999999999998,23.58484649658203,1,-0.1388464965820333,TRUE
P014,2,2,78.637,119.631,370,40.994,41.1470947265625,1,-0.15309472656250023,TRUE
P014,3,3,119.742,162.198,383,42.456,42.53864288330078,1,-0.08264288330077818,TRUE
P014,4,4,162.309,192.527,273,30.21799999999999,30.385223388671875,1,-0.1672233886718857,TRUE
P014,5,5,192.639,212.417,179,19.77799999999999,19.79193115234375,1,-0.013931152343758413,TRUE
P014,6,6,212.528,270.578,524,58.04999999999998,58.17498779296875,1,-0.12498779296876705,TRUE
P014,7,7,270.688,287.577,153,16.88900000000001,17.082244873046875,1,-0.193244873046865,TRUE
P014,8,8,287.688,379.57,828,91.882,91.92425537109375,1,-0.042255371093745,TRUE
P014,9,9,379.682,419.457,359,39.77499999999998,39.88623046875,1,-0.11123046875002274,TRUE
P014,10,10,419.567,474.118,492,54.55099999999999,54.703094482421875,1,-0.15209448242188728,TRUE
P014,11,11,474.229,493.24,172,19.011000000000024,19.108245849609375,1,-0.0972458496093509,TRUE
P014,12,12,493.352,520.239,243,26.887000000000057,26.9429931640625,1,-0.0559931640624427,TRUE
P014,13,13,520.349,532.573,111,12.223999999999933,12.3350830078125,1,-0.1110830078125673,TRUE
P014,14,14,532.685,545.126,113,12.441000000000031,12.579833984375,1,-0.13883398437496908,TRUE
P014,15,15,545.237,592.013,422,46.77600000000007,46.900634765625,1,-0.1246347656249327,TRUE
P014,16,16,592.123,613.232,191,21.108999999999924,21.2607421875,1,-0.1517421875000764,TRUE
P014,17,17,613.345,658.105,404,44.75999999999999,44.8173828125,1,-0.057382812500009095,TRUE
P014,18,18,658.216,674.213,145,15.996999999999957,16.14990234375,1,-0.15290234375004275,TRUE
P014,19,19,674.324,698.214,216,23.8900000000001,24.02886962890625,1,-0.13886962890614996,TRUE
P014,20,20,698.325,734.541,327,36.21600000000001,36.28582763671875,1,-0.06982763671874181,TRUE
P014,21,21,734.652,757.762,209,23.1099999999999,23.17877197265625,1,-0.06877197265635004,TRUE
P014,22,22,757.873,802.204,400,44.330999999999904,44.47015380859375,1,-0.1391538085938464,TRUE
P014,23,23,802.315,845.867,393,43.55199999999991,43.620849609375,1,-0.06884960937509277,TRUE
P014,24,24,845.978,875.533,267,29.555000000000064,29.69415283203125,1,-0.13915283203118634,TRUE
P015,1,1,75.499,103.169,250,27.67,27.806922912597656,1,-0.13692291259765454,TRUE
P015,2,2,103.28,120.615,157,17.334999999999994,17.43157958984375,1,-0.09657958984375625,TRUE
P015,3,3,120.726,139.39,169,18.663999999999987,18.83081817626953,1,-0.16681817626954398,TRUE
P015,4,4,139.501,157.835,166,18.334000000000003,18.389663696289062,1,-0.05566369628905932,TRUE
P015,5,5,157.945,176.611,169,18.665999999999997,18.776351928710938,1,-0.11035192871094068,TRUE
P015,6,6,176.723,198.722,199,21.998999999999995,22.17987060546875,1,-0.18087060546875477,TRUE
P015,7,7,198.835,221.726,207,22.89099999999999,23.018585205078125,1,-0.12758520507813387,TRUE
P015,8,8,221.838,239.392,159,17.554000000000002,17.609634399414062,1,-0.055634399414060454,TRUE
P015,9,9,239.503,263.725,219,24.222000000000037,24.2918701171875,1,-0.06987011718746317,TRUE
P015,10,10,263.836,300.706,335,36.870000000000005,37.07830810546875,1,-0.20830810546874545,TRUE
P015,11,11,300.818,324.489,214,23.670999999999992,23.754791259765625,1,-0.08379125976563273,TRUE
P015,12,12,324.601,336.709,110,12.108000000000004,12.206939697265625,1,-0.09893969726562091,TRUE
P015,13,13,336.821,348.82,109,11.998999999999967,12.055023193359375,1,-0.0560231933594082,TRUE
P015,14,14,348.931,364.82,144,15.88900000000001,16.028076171875,1,-0.13907617187499,TRUE
P015,15,15,364.932,397.376,293,32.44399999999996,32.54180908203125,1,-0.09780908203129002,TRUE
P015,16,16,397.487,411.822,130,14.33499999999998,14.487060546875,1,-0.15206054687502046,TRUE
P015,17,17,411.933,423.902,109,11.968999999999994,12.0657958984375,1,-0.09679589843750591,TRUE
P015,18,18,424.012,440.875,153,16.863,16.93170166015625,1,-0.06870166015625045,TRUE
P015,19,19,440.986,461.613,192,20.62700000000001,20.754486083984375,1,-0.12748608398436545,TRUE
P015,20,20,461.718,480.169,167,18.450999999999965,18.622955322265625,1,-0.17195532226566002,TRUE
P015,21,21,480.282,495.281,136,14.999000000000024,15.098114013671875,1,-0.09911401367185135,TRUE
P015,22,22,495.392,507.503,110,12.11099999999999,12.15203857421875,1,-0.041038574218760004,TRUE
P015,23,23,507.614,526.726,173,19.112000000000023,19.237030029296875,1,-0.1250300292968518,TRUE
P015,24,24,526.837,543.059,147,16.22199999999998,16.37469482421875,1,-0.15269482421877,TRUE
P016,1,1,88.932,125.913,334,36.980999999999995,37.10631561279297,1,-0.1253156127929742,TRUE
P016,2,2,126.024,143.573,160,17.549000000000007,17.65996551513672,1,-0.11096551513671216,TRUE
P016,3,3,143.685,160.691,154,17.006,17.172714233398438,1,-0.16671423339843727,TRUE
P016,4,4,160.802,189.465,259,28.66300000000001,28.787704467773438,1,-0.12470446777342659,TRUE
P016,5,5,189.578,213.686,218,24.108000000000004,24.151275634765625,1,-0.04327563476562091,TRUE
P016,6,6,213.797,244.446,280,30.649,30.78961181640625,1,-0.1406118164062491,TRUE
P016,7,7,244.555,256.559,109,12.004000000000019,12.15283203125,1,-0.1488320312499809,TRUE
P016,8,8,256.672,274.11,158,17.437999999999988,17.510162353515625,1,-0.07216235351563682,TRUE
P016,9,9,274.221,291.556,157,17.33499999999998,17.445220947265625,1,-0.11022094726564546,TRUE
P016,10,10,291.667,316.442,224,24.775000000000034,24.8870849609375,1,-0.1120849609374659,TRUE
P016,11,11,316.553,339.993,212,23.439999999999998,23.509307861328125,1,-0.06930786132812727,TRUE
P016,12,12,340.105,352.994,117,12.88900000000001,13.0003662109375,1,-0.11136621093749,TRUE
P016,13,13,353.104,380.073,245,26.968999999999994,27.121368408203125,1,-0.1523684082031309,TRUE
P016,14,14,380.185,408.159,253,27.97399999999999,28.085479736328125,1,-0.11147973632813546,TRUE
P016,15,15,408.27,421.158,117,12.888000000000034,13.0538330078125,1,-0.16583300781246635,TRUE
P016,16,16,421.269,441.25,188,19.980999999999995,20.02752685546875,1,-0.04652685546875546,TRUE
P016,17,17,441.357,468.401,245,27.043999999999983,27.16046142578125,1,-0.11646142578126728,TRUE
P016,18,18,468.512,481.718,120,13.206000000000017,13.358734130859375,1,-0.15273413085935772,TRUE
P016,19,19,481.831,494.162,112,12.33099999999996,12.4158935546875,1,-0.08489355468753956,TRUE
P016,20,20,494.273,511.445,163,17.17199999999997,17.285308837890625,1,-0.11330883789065638,TRUE
P016,21,21,511.559,532.452,189,20.892999999999972,21.00531005859375,1,-0.11231005859377774,TRUE
P016,22,22,532.563,545.338,116,12.774999999999977,12.88616943359375,1,-0.11116943359377274,TRUE
P016,23,23,545.449,563.115,160,17.666000000000054,17.76324462890625,1,-0.09724462890619634,TRUE
P016,24,24,563.227,580.583,159,17.355999999999995,17.4266357421875,1,-0.07063574218750546,TRUE
P017,1,1,50.758,76.756,235,25.997999999999998,26.19208526611328,1,-0.1940852661132837,TRUE
P017,2,2,76.872,90.742,126,13.870000000000005,13.973411560058594,1,-0.1034115600585892,TRUE
P017,3,3,90.853,124.295,302,33.44200000000001,33.51036834716797,1,-0.06836834716796147,TRUE
P017,4,4,124.406,139.629,138,15.222999999999985,15.30645751953125,1,-0.08345751953126523,TRUE
P017,5,5,139.74,158.07,166,18.329999999999984,18.5098876953125,1,-0.17988769531251592,TRUE
P017,6,6,158.181,177.736,177,19.55499999999998,19.597854614257812,1,-0.0428546142578341,TRUE
P017,7,7,177.847,204.622,242,26.775000000000006,26.940338134765625,1,-0.16533813476561932,TRUE
P017,8,8,204.733,220.51,143,15.776999999999987,15.83355712890625,1,-0.05655712890626319,TRUE
P017,9,9,220.622,238.954,166,18.331999999999994,18.52667236328125,1,-0.19467236328125637,TRUE
P017,10,10,239.068,271.27,291,32.20199999999997,32.28846740722656,1,-0.08646740722659274,TRUE
P017,11,11,271.381,291.698,184,20.317000000000007,20.3720703125,1,-0.055070312499992724,TRUE
P017,12,12,291.809,304.033,111,12.22399999999999,12.432373046875,1,-0.20837304687501046,TRUE
P017,13,13,304.144,327.597,212,23.452999999999975,23.564178466796875,1,-0.11117846679690047,TRUE
P017,14,14,327.708,352.957,229,25.248999999999967,25.303558349609375,1,-0.0545583496094082,TRUE
P017,15,15,353.068,367.847,134,14.778999999999996,14.932281494140625,1,-0.15328149414062864,TRUE
P017,16,16,367.96,382.732,134,14.772000000000048,14.899932861328125,1,-0.1279328613280768,TRUE
P017,17,17,382.844,414.94,290,32.096000000000004,32.151947021484375,1,-0.05594702148437136,TRUE
P017,18,18,415.051,426.256,102,11.204999999999984,11.3280029296875,1,-0.12300292968751592,TRUE
P017,19,19,426.367,445.353,172,18.98599999999999,19.098419189453125,1,-0.112419189453135,TRUE
P017,20,20,445.464,489.823,402,44.35899999999998,44.46942138671875,1,-0.11042138671876955,TRUE
P017,21,21,489.933,503.044,119,13.11099999999999,13.194305419921875,1,-0.083305419921885,TRUE
P017,22,22,503.154,517.822,133,14.668000000000006,14.77667236328125,1,-0.10867236328124363,TRUE
P017,23,23,517.932,536.82,171,18.888000000000034,19.02581787109375,1,-0.13781787109371635,TRUE
P017,24,24,536.93,555.261,166,18.331000000000017,18.46942138671875,1,-0.13842138671873272,TRUE
P018,1,1,81.206,123.104,381,41.897999999999996,42.02308654785156,1,-0.12508654785156637,TRUE
P018,2,2,123.215,145.962,206,22.746999999999986,22.927352905273438,1,-0.18035290527345182,TRUE
P018,3,3,146.075,174.721,259,28.646000000000015,28.730010986328125,1,-0.08401098632811,TRUE
P018,4,4,174.832,202.512,252,27.680000000000007,27.73712158203125,1,-0.05712158203124318,TRUE
P018,5,5,202.623,219.4,156,16.777000000000015,16.974609375,1,-0.19760937499998477,TRUE
P018,6,6,219.501,264.872,411,45.37100000000001,45.41358947753906,1,-0.04258947753905318,TRUE
P018,7,7,264.983,276.983,109,12,12.165496826171875,1,-0.165496826171875,TRUE
P018,8,8,277.095,321.395,402,44.299999999999955,44.35675048828125,1,-0.056750488281295475,TRUE
P018,9,9,321.506,342.258,188,20.75200000000001,20.89105224609375,1,-0.13905224609374045,TRUE
P018,10,10,342.369,352.7,94,10.33099999999996,10.4412841796875,1,-0.11028417968753956,TRUE
P018,11,11,352.811,371.256,167,18.444999999999993,18.555755615234375,1,-0.11075561523438182,TRUE
P018,12,12,371.366,390.695,175,19.329000000000008,19.45379638671875,1,-0.12479638671874227,TRUE
P018,13,13,390.807,401.253,95,10.44599999999997,10.517059326171875,1,-0.07105932617190547,TRUE
P018,14,14,401.365,415.763,131,14.397999999999968,14.578948974609375,1,-0.1809489746094073,TRUE
P018,15,15,415.874,449.201,302,33.327,33.3543701171875,1,-0.02737011718750182,TRUE
P018,16,16,449.312,468.426,173,19.113999999999976,19.266754150390625,1,-0.1527541503906491,TRUE
P018,17,17,468.537,498.756,273,30.218999999999994,30.316253662109375,1,-0.09725366210938091,TRUE
P018,18,18,498.868,513.631,134,14.762999999999977,14.876373291015625,1,-0.11337329101564819,TRUE
P018,19,19,513.741,533.396,178,19.654999999999973,19.749267578125,1,-0.09426757812502728,TRUE
P018,20,20,533.506,548.502,136,14.995999999999981,15.10589599609375,1,-0.1098959960937691,TRUE
P018,21,21,548.612,572.623,218,24.01100000000008,24.19085693359375,1,-0.17985693359366905,TRUE
P018,22,22,572.734,606.067,301,33.33299999999997,33.430419921875,1,-0.09741992187503001,TRUE
P018,23,23,606.18,626.845,187,20.665000000000077,20.7774658203125,1,-0.11246582031242269,TRUE
P018,24,24,626.958,663.063,326,36.10500000000002,36.20477294921875,1,-0.09977294921873181,TRUE
P019,1,1,52.579,111.906,535,59.327000000000005,59.507503509521484,1,-0.1805035095214791,TRUE
P019,2,2,112.007,130.56,168,18.552999999999997,18.62646484375,1,-0.07346484375000273,TRUE
P019,3,3,130.67,149.002,166,18.332000000000022,18.484161376953125,1,-0.15216137695310294,TRUE
P019,4,4,149.115,197.942,441,48.827,48.95454406738281,1,-0.12754406738281432,TRUE
P019,5,5,198.054,209.831,107,11.776999999999987,11.804595947265625,1,-0.027595947265638188,TRUE
P019,6,6,209.941,238.937,262,28.99600000000001,29.14813232421875,1,-0.15213232421874068,TRUE
P019,7,7,239.048,254.161,137,15.113,15.168106079101562,1,-0.055106079101562955,TRUE
P019,8,8,254.272,269.049,134,14.776999999999987,14.915817260742188,1,-0.1388172607422007,TRUE
P019,9,9,269.159,326.889,521,57.73000000000002,57.825836181640625,1,-0.09583618164060681,TRUE
P019,10,10,327.001,374.442,428,47.44100000000003,47.609588623046875,1,-0.16858862304684408,TRUE
P019,11,11,374.554,397.22,205,22.666000000000054,22.735107421875,1,-0.06910742187494634,TRUE
P019,12,12,397.331,411.65,130,14.31899999999996,14.485992431640625,1,-0.16699243164066502,TRUE
P019,13,13,411.764,431.538,179,19.774,19.85968017578125,1,-0.08568017578124909,TRUE
P019,14,14,431.648,512.112,729,80.46399999999994,80.51971435546875,1,-0.05571435546880821,TRUE
P019,15,15,512.212,531.746,179,19.533999999999992,19.6778564453125,1,-0.14385644531250819,TRUE
P019,16,16,531.856,541.416,87,9.56000000000006,9.6806640625,1,-0.12066406249994088,TRUE
P019,17,17,541.527,591.524,451,49.99699999999996,50.09466552734375,1,-0.09766552734379275,TRUE
P019,18,18,591.635,630.13,349,38.495000000000005,38.61962890625,1,-0.12462890624999545,TRUE
P019,19,19,630.242,653.687,212,23.44500000000005,23.57037353515625,1,-0.12537353515619998,TRUE
P019,20,20,653.798,694.572,368,40.774,40.85784912109375,1,-0.08384912109374909,TRUE
P019,21,21,694.683,741.788,425,47.10500000000002,47.18780517578125,1,-0.08280517578123181,TRUE
P019,22,22,741.899,753.898,109,11.999000000000024,12.13848876953125,1,-0.13948876953122635,TRUE
P019,23,23,754.009,811.769,521,57.75999999999999,57.82879638671875,1,-0.0687963867187591,TRUE
P019,24,24,811.88,828.102,147,16.22199999999998,16.4019775390625,1,-0.17997753906252,TRUE
P020,1,1,68.913,69.916,10,1.0030000000000001,1.211517333984375,1,-0.2085173339843749,TRUE
P020,2,2,70.027,139.871,631,69.84400000000001,69.94115447998047,1,-0.09715447998046045,TRUE
P020,3,3,139.985,168.675,260,28.689999999999998,28.734390258789062,1,-0.044390258789064774,TRUE
P020,4,4,168.786,203.897,317,35.11099999999999,35.222625732421875,1,-0.111625732421885,TRUE
P020,5,5,204.007,284.317,724,80.31,80.48828125,1,-0.17828124999999773,TRUE
P020,6,6,284.43,313.093,259,28.66300000000001,28.746368408203125,1,-0.08336840820311409,TRUE
P020,7,7,313.204,347.427,309,34.22300000000001,34.336334228515625,1,-0.11333422851561181,TRUE
P020,8,8,347.538,368.54,190,21.00200000000001,21.084808349609375,1,-0.08280834960936545,TRUE
P020,9,9,368.651,424.258,502,55.60699999999997,55.7042236328125,1,-0.0972236328125291,TRUE
P020,10,10,424.368,481.041,511,56.673,56.796661376953125,1,-0.12366137695312318,TRUE
P020,11,11,481.151,520.804,358,39.65299999999996,39.74853515625,1,-0.09553515625003683,TRUE
P020,12,12,520.915,541.692,188,20.777000000000044,20.97259521484375,1,-0.19559521484370634,TRUE
P020,13,13,541.803,603.263,554,61.460000000000036,61.55731201171875,1,-0.09731201171871362,TRUE
P020,14,14,603.377,632.483,263,29.105999999999995,29.219482421875,1,-0.11348242187500546,TRUE
P020,15,15,632.596,669.149,330,36.553,36.68035888671875,1,-0.12735888671875273,TRUE
P020,16,16,669.261,703.623,312,34.36200000000008,34.4444580078125,1,-0.08245800781241996,TRUE
P020,17,17,703.734,756.572,477,52.837999999999965,52.880859375,1,-0.04285937500003456,TRUE
P020,18,18,756.68,768.302,106,11.622000000000071,11.7713623046875,1,-0.14936230468742906,TRUE
P020,19,19,768.412,792.846,221,24.43399999999997,24.55462646484375,1,-0.12062646484378092,TRUE
P020,20,20,792.956,802.394,89,9.437999999999988,9.5843505859375,1,-0.14635058593751182,TRUE
P020,21,21,802.496,817.23,137,14.734000000000037,14.77520751953125,1,-0.04120751953121271,TRUE
P020,22,22,817.341,846.83,268,29.489000000000033,29.57330322265625,1,-0.08430322265621726,TRUE
P020,23,23,846.941,863.911,156,16.969999999999914,17.09454345703125,1,-0.1245434570313364,TRUE
P020,24,24,864.023,886.679,205,22.65599999999995,22.83538818359375,1,-0.17938818359380093,TRUE
P021,1,1,59.315,74.759,140,15.444000000000003,15.638282775878906,1,-0.19428277587890364,TRUE
P021,2,2,74.874,97.538,205,22.664,22.792266845703125,1,-0.12826684570312352,TRUE
P021,3,3,97.649,120.982,211,23.333,23.443946838378906,1,-0.11094683837890784,TRUE
P021,4,4,121.093,138.205,155,17.11200000000001,17.18097686767578,1,-0.06897686767577227,TRUE
P021,5,5,138.316,162.204,216,23.888000000000005,23.986114501953125,1,-0.09811450195311977,TRUE
P021,6,6,162.315,176.317,127,14.00200000000001,14.098342895507812,1,-0.09634289550780295,TRUE
P021,7,7,176.427,184.429,73,8.00200000000001,8.167938232421875,1,-0.16593823242186545,TRUE
P021,8,8,184.542,201.427,153,16.88499999999999,16.9420166015625,1,-0.057016601562509095,TRUE
P021,9,9,201.538,217.651,146,16.113,16.293701171875,1,-0.18070117187500045,TRUE
P021,10,10,217.762,232.984,138,15.222000000000008,15.263214111328125,1,-0.04121411132811659,TRUE
P021,11,11,233.094,278.621,411,45.52699999999999,45.6376953125,1,-0.11069531250001319,TRUE
P021,12,12,278.732,287.38,79,8.647999999999968,8.8006591796875,1,-0.1526591796875323,TRUE
P021,13,13,287.491,304.165,151,16.674000000000035,16.742584228515625,1,-0.06858422851558998,TRUE
P021,14,14,304.276,337.164,297,32.88799999999998,33.05487060546875,1,-0.1668706054687732,TRUE
P021,15,15,337.277,348.929,106,11.651999999999987,11.751495361328125,1,-0.09949536132813819,TRUE
P021,16,16,349.04,366.152,155,17.111999999999966,17.16741943359375,1,-0.05541943359378365,TRUE
P021,17,17,366.263,378.816,114,12.552999999999997,12.677978515625,1,-0.12497851562500273,TRUE
P021,18,18,378.927,394.148,138,15.221000000000004,15.346405029296875,1,-0.12540502929687136,TRUE
P021,19,19,394.26,417.704,212,23.444000000000017,23.513397216796875,1,-0.06939721679685817,TRUE
P021,20,20,417.815,433.258,140,15.442999999999984,15.651824951171875,1,-0.20882495117189137,TRUE
P021,21,21,433.369,472.679,355,39.309999999999945,39.3367919921875,1,-0.02679199218755457,TRUE
P021,22,22,472.788,488.566,143,15.777999999999963,15.886993408203125,1,-0.10899340820316183,TRUE
P021,23,23,488.677,514.568,234,25.890999999999963,26.07122802734375,1,-0.1802280273437873,TRUE
P021,24,24,514.681,539.565,225,24.884000000000015,24.9700927734375,1,-0.08609277343748545,TRUE
P022,1,1,221.16,287.642,600,66.482,66.63130187988281,1,-0.14930187988281318,TRUE
P022,2,2,287.754,337.25,449,49.49599999999998,49.565765380859375,1,-0.0697653808593941,TRUE
P022,3,3,337.362,361.946,224,24.584000000000003,24.78009033203125,1,-0.19609033203124682,TRUE
P022,4,4,362.06,434.675,655,72.61500000000001,72.659454345703125,1,-0.044454345703115905,TRUE
P022,5,5,434.788,455.09,184,20.301999999999964,20.427764892578125,1,-0.12576489257816093,TRUE
P022,6,6,455.201,465.338,93,10.137,10.24847412109375,1,-0.11147412109374955,TRUE
P022,7,7,465.449,496.56,281,31.11099999999999,31.2640380859375,1,-0.15303808593751,TRUE
P022,8,8,496.671,540.264,394,43.59300000000002,43.718353271484375,1,-0.12535327148435726,TRUE
P022,9,9,540.378,549.555,84,9.176999999999907,9.22137451171875,1,-0.04437451171884277,TRUE
P022,10,10,549.667,574.268,223,24.601,24.7982177734375,1,-0.1972177734375009,TRUE
P022,11,11,574.381,596.774,211,22.39300000000003,22.4757080078125,1,-0.0827080078124709,TRUE
P022,12,12,596.885,623.866,245,26.980999999999995,27.09197998046875,1,-0.11097998046875546,TRUE
P022,13,13,623.978,665.645,376,41.66700000000003,41.7376708984375,1,-0.07067089843746999,TRUE
P022,14,14,665.757,682.839,155,17.082000000000107,17.23541259765625,1,-0.15341259765614268,TRUE
P022,15,15,682.95,711.114,255,28.163999999999987,28.27294921875,1,-0.10894921875001273,TRUE
P022,16,16,711.223,749.733,349,38.50999999999999,38.64617919921875,1,-0.1361791992187591,TRUE
P022,17,17,749.841,773.521,215,23.67999999999995,23.6947021484375,1,-0.014702148437550022,TRUE
P022,18,18,773.634,797.423,216,23.788999999999987,23.983642578125,1,-0.19464257812501273,TRUE
P022,19,19,797.534,810.095,114,12.561000000000035,12.68609619140625,1,-0.12509619140621453,TRUE
P022,20,20,810.206,834.695,224,24.489000000000033,24.54388427734375,1,-0.05488427734371726,TRUE
P022,21,21,834.806,850.765,146,15.958999999999946,16.05718994140625,1,-0.09818994140630366,TRUE
P022,22,22,850.876,866.251,141,15.375,15.50042724609375,1,-0.12542724609375,TRUE
P022,23,23,866.363,897.234,279,30.87099999999998,31.0223388671875,1,-0.1513388671875191,TRUE
P022,24,24,897.346,968.94,646,71.59400000000005,71.6241455078125,1,-0.03014550781244907,TRUE
P023,1,1,270.583,353.902,752,83.31899999999996,83.49957275390625,1,-0.18057275390629002,TRUE
P023,2,2,354.003,478.667,1123,124.66399999999999,124.79278564453125,1,-0.12878564453126273,TRUE
P023,3,3,478.779,530.781,469,52.00199999999995,52.029144287109375,1,-0.027144287109422294,TRUE
P023,4,4,530.891,579.524,442,48.63300000000004,48.73046875,1,-0.0974687499999618,TRUE
P023,5,5,579.636,619.054,356,39.418000000000006,39.627685546875,1,-0.20968554687499363,TRUE
P023,6,6,619.166,644.947,233,25.78099999999995,25.83660888671875,1,-0.05560888671880093,TRUE
P023,7,7,645.058,700.168,497,55.110000000000014,55.24884033203125,1,-0.13884033203123636,TRUE
P023,8,8,700.28,830.86,1182,130.58000000000004,130.6640625,1,-0.08406249999995907,TRUE
P023,9,9,830.971,867.704,335,36.73299999999995,36.8028564453125,1,-0.06985644531255275,TRUE
P023,10,10,867.817,923.71,504,55.89300000000003,56.01971435546875,1,-0.1267143554687209,TRUE
P023,11,11,923.821,963.264,356,39.442999999999984,39.53985595703125,1,-0.09685595703126637,TRUE
P023,12,12,963.376,997.291,307,33.91500000000008,34.12530517578125,1,-0.2103051757811727,TRUE
P023,13,13,997.403,1035.43,344,38.027000000000044,38.09649658203125,1,-0.06949658203120634,TRUE
P023,14,14,1035.541,1078.516,388,42.975000000000136,43.0992431640625,1,-0.12424316406236358,TRUE
P023,15,15,1078.626,1120.053,374,41.427000000000135,41.4683837890625,1,-0.041383789062365395,TRUE
P023,16,16,1120.164,1147.167,244,27.00299999999993,27.1134033203125,1,-0.11040332031257094,TRUE
P023,17,17,1147.277,1193.112,415,45.835000000000036,46.0152587890625,1,-0.18025878906246362,TRUE
P023,18,18,1193.224,1252.997,539,59.77300000000014,59.8291015625,1,-0.05610156249986176,TRUE
P023,19,19,1253.108,1286.485,302,33.37699999999995,33.5435791015625,1,-0.1665791015625473,TRUE
P023,20,20,1286.586,1342.997,510,56.41100000000006,56.5396728515625,1,-0.1286728515624418,TRUE
P023,21,21,1343.108,1372.889,269,29.78099999999995,29.892822265625,1,-0.11182226562505093,TRUE
P023,22,22,1373.001,1415.666,385,42.664999999999964,42.7203369140625,1,-0.05533691406253638,TRUE
P023,23,23,1415.777,1461.169,412,45.39200000000005,45.5362548828125,1,-0.14425488281244725,TRUE
P023,24,24,1461.274,1502.502,372,41.228000000000065,41.34228515625,1,-0.11428515624993452,TRUE
P024,1,1,126.544,164.436,342,37.89200000000001,38.07159423828125,1,-0.17959423828123988,TRUE
P024,2,2,164.537,198.225,306,33.68799999999999,33.750946044921875,1,-0.06294604492188682,TRUE
P024,3,3,198.33,228.474,274,30.143999999999977,30.245513916015625,1,-0.10151391601564796,TRUE
P024,4,4,228.585,249.585,190,21,21.0833740234375,1,-0.0833740234375,TRUE
P024,5,5,249.695,283.026,301,33.33100000000002,33.45404052734375,1,-0.12304052734373272,TRUE
P024,6,6,283.137,325.913,386,42.77600000000001,42.957000732421875,1,-0.18100073242186454,TRUE
P024,7,7,326.027,356.798,278,30.771000000000015,30.829742431640625,1,-0.05874243164060999,TRUE
P024,8,8,356.909,372.964,146,16.055000000000007,16.19268798828125,1,-0.13768798828124318,TRUE
P024,9,9,373.075,397.807,224,24.732000000000028,24.802001953125,1,-0.07000195312497226,TRUE
P024,10,10,397.918,430.325,293,32.40699999999998,32.57330322265625,1,-0.16630322265626774,TRUE
P024,11,11,430.436,465.1,313,34.664000000000044,34.760223388671875,1,-0.09622338867183089,TRUE
P024,12,12,465.21,484.43,174,19.220000000000027,19.28997802734375,1,-0.06997802734372272,TRUE
P024,13,13,484.541,504.137,182,19.596000000000004,19.71978759765625,1,-0.12378759765624636,TRUE
P024,14,14,504.247,550.583,418,46.335999999999956,46.44671630859375,1,-0.11071630859379411,TRUE
P024,15,15,550.694,583.689,298,32.995000000000005,33.1478271484375,1,-0.15282714843749545,TRUE
P024,16,16,583.801,607.802,217,24.000999999999976,24.12713623046875,1,-0.12613623046877365,TRUE
P024,17,17,607.915,643.02,317,35.10500000000002,35.21734619140625,1,-0.11234619140623181,TRUE
P024,18,18,643.133,675.464,292,32.33100000000002,32.37445068359375,1,-0.04345068359373272,TRUE
P024,19,19,675.575,708.248,296,32.673,32.81298828125,1,-0.13998828124999818,TRUE
P024,20,20,708.36,731.028,205,22.668000000000006,22.835693359375,1,-0.16769335937499363,TRUE
P024,21,21,731.14,750.693,177,19.552999999999997,19.6090087890625,1,-0.05600878906250273,TRUE
P024,22,22,750.805,782.472,286,31.66700000000003,31.83477783203125,1,-0.16777783203122,TRUE
P024,23,23,782.584,798.574,150,15.990000000000009,16.0316162109375,1,-0.041616210937490905,TRUE
P024,24,24,798.685,874.598,685,75.91300000000001,76.0548095703125,1,-0.14180957031248909,TRUE
P025,1,1,263.968,380.065,1047,116.09699999999998,116.24911499023438,1,-0.152114990234395,TRUE
P025,2,2,380.175,420.829,367,40.653999999999996,40.72235107421875,1,-0.06835107421875364,TRUE
P025,3,3,420.941,447.608,241,26.66700000000003,26.847869873046875,1,-0.180869873046845,TRUE
P025,4,4,447.719,535.27,791,87.55099999999999,87.6385498046875,1,-0.08754980468751228,TRUE
P025,5,5,535.37,574.44,353,39.07000000000005,39.15234375,1,-0.08234374999994998,TRUE
P025,6,6,574.551,744.607,1537,170.05599999999993,170.1663818359375,1,-0.11038183593757367,TRUE
P025,7,7,744.718,865.714,1110,120.9960000000001,121.0936279296875,1,-0.09762792968740541,TRUE
P025,8,8,865.826,950.497,763,84.67099999999994,84.78277587890625,1,-0.11177587890631457,TRUE
P025,9,9,950.607,1142.829,1738,192.22199999999998,192.37396240234375,1,-0.15196240234377,TRUE
P025,10,10,1142.94,1253.451,1012,110.51099999999997,110.607666015625,1,-0.09666601562503274,TRUE
P025,11,11,1253.562,1337.456,756,83.894,84.01953125,1,-0.12553124999999454,TRUE
P025,12,12,1337.567,1373.453,324,35.88599999999997,36.010986328125,1,-0.12498632812503274,TRUE
P025,13,13,1373.565,1404.122,276,30.557000000000016,30.59912109375,1,-0.04212109374998363,TRUE
P025,14,14,1404.233,1441.901,340,37.66800000000012,37.8624267578125,1,-0.19442675781237995,TRUE
P025,15,15,1442.015,1474.013,289,31.99799999999982,32.0836181640625,1,-0.08561816406268008,TRUE
P025,16,16,1474.123,1584.886,998,110.76299999999992,110.8875732421875,1,-0.12457324218758004,TRUE
P025,17,17,1584.998,1660.775,683,75.77700000000004,75.88916015625,1,-0.11216015624995634,TRUE
P025,18,18,1660.886,1744.631,759,83.74500000000012,83.8414306640625,1,-0.09643066406238177,TRUE
P025,19,19,1744.746,1772.912,255,28.16599999999994,28.2813720703125,1,-0.11537207031256003,TRUE
P025,20,20,1773.023,1797.025,217,24.00200000000018,24.0572509765625,1,-0.05525097656231992,TRUE
P025,21,21,1797.136,1824.915,251,27.778999999999996,27.9454345703125,1,-0.16643457031250364,TRUE
P025,22,22,1825.026,1878.139,479,53.11299999999983,53.2100830078125,1,-0.097083007812670985,TRUE
P025,23,23,1878.25,1918.916,367,40.66599999999994,40.7354736328125,1,-0.06947363281256003,TRUE
P025,24,24,1919.027,1927.583,78,8.55600000000004,8.749755859375,1,-0.19375585937495998,TRUE
P026,1,1,172.292,265.943,844,93.65099999999998,93.83100891113281,1,-0.18000891113283046,TRUE
P026,2,2,266.044,343.266,696,77.22200000000004,77.3367919921875,1,-0.11479199218746317,TRUE
P026,3,3,343.379,425.642,742,82.26299999999998,82.34814453125,1,-0.08514453125002319,TRUE
P026,4,4,425.752,501.849,687,76.09699999999998,76.19378662109375,1,-0.09678662109377001,TRUE
P026,5,5,501.96,526.071,218,24.111000000000047,24.263397216796875,1,-0.15239721679682816,TRUE
P026,6,6,526.184,599.07,658,72.88600000000008,72.99957275390625,1,-0.11357275390616905,TRUE
P026,7,7,599.184,669.945,638,70.76100000000008,70.874755859375,1,-0.11375585937491905,TRUE
P026,8,8,670.058,743.44,662,73.38200000000006,73.50872802734375,1,-0.12672802734368815,TRUE
P026,9,9,743.551,806.85,571,63.29899999999998,63.38201904296875,1,-0.08301904296877183,TRUE
P026,10,10,806.961,909.029,920,102.06799999999998,102.20770263671875,1,-0.13970263671876637,TRUE
P026,11,11,909.141,1036.971,1152,127.83000000000004,127.871826171875,1,-0.04182617187495907,TRUE
P026,12,12,1037.081,1130.295,840,93.21400000000017,93.3372802734375,1,-0.12328027343733083,TRUE
P026,13,13,1130.406,1245.847,1040,115.44100000000003,115.580322265625,1,-0.13932226562496908,TRUE
P026,14,14,1245.959,1371.987,1136,126.02800000000002,126.167724609375,1,-0.13972460937498,TRUE
P026,15,15,1372.098,1413.764,376,41.66599999999994,41.721923828125,1,-0.05592382812506003,TRUE
P026,16,16,1413.875,1491.93,704,78.05500000000006,78.2213134765625,1,-0.16631347656243634,TRUE
P026,17,17,1492.041,1639.931,1332,147.8900000000001,147.959228515625,1,-0.06922851562489996,TRUE
P026,18,18,1640.042,1695.349,499,55.307000000000016,55.4453125,1,-0.13831249999998363,TRUE
P026,19,19,1695.462,1721.795,238,26.333000000000084,26.460205078125,1,-0.12720507812491633,TRUE
P026,20,20,1721.906,1790.919,622,69.01300000000015,69.04150390625,1,-0.028503906249852662,TRUE
P026,21,21,1791.03,1842.141,461,51.111000000000104,51.2763671875,1,-0.16536718749989632,TRUE
P026,22,22,1842.241,1924.459,741,82.21800000000007,82.27685546875,1,-0.05885546874992542,TRUE
P026,23,23,1924.569,1988.348,575,63.778999999999996,63.9305419921875,1,-0.15154199218750364,TRUE
P026,24,24,1988.46,2085.904,878,97.44399999999996,97.5556640625,1,-0.11166406250004002,TRUE
P027,1,1,68.914,118.692,449,49.77799999999999,49.91626739501953,1,-0.13826739501953966,TRUE
P027,2,2,118.802,180.647,559,61.844999999999985,61.940757751464844,1,-0.0957577514648591,TRUE
P027,3,3,180.758,206.19,230,25.431999999999988,25.58465576171875,1,-0.15265576171876205,TRUE
P027,4,4,206.301,234.304,253,28.003000000000014,28.155807495117188,1,-0.15280749511717318,TRUE
P027,5,5,234.415,246.525,110,12.110000000000014,12.2205810546875,1,-0.11058105468748636,TRUE
P027,6,6,246.636,264.637,163,18.001000000000005,18.084762573242188,1,-0.08376257324218273,TRUE
P027,7,7,264.748,294.718,271,29.970000000000027,30.095245361328125,1,-0.12524536132809772,TRUE
P027,8,8,294.832,314.83,181,19.99799999999999,20.056060791015625,1,-0.05806079101563455,TRUE
P027,9,9,314.941,332.497,159,17.55600000000004,17.6531982421875,1,-0.09719824218745998,TRUE
P027,10,10,332.608,364.842,292,32.23399999999998,32.372772216796875,1,-0.13877221679689455,TRUE
P027,11,11,364.953,379.288,130,14.335000000000036,14.44610595703125,1,-0.11110595703121362,TRUE
P027,12,12,379.399,410.178,278,30.778999999999996,30.889617919921875,1,-0.11061791992187864,TRUE
P027,13,13,410.289,429.511,174,19.222000000000037,19.333221435546875,1,-0.11122143554683817,TRUE
P027,14,14,429.623,458.942,265,29.319000000000017,29.40283203125,1,-0.08383203124998317,TRUE
P027,15,15,459.052,492.298,302,33.24599999999998,33.383941650390625,1,-0.1379416503906441,TRUE
P027,16,16,492.409,515.191,206,22.78200000000004,22.948577880859375,1,-0.1665778808593359,TRUE
P027,17,17,515.302,532.08,152,16.77800000000002,16.861328125,1,-0.08332812499997999,TRUE
P027,18,18,532.191,566.303,308,34.111999999999966,34.19573974609375,1,-0.08373974609378365,TRUE
P027,19,19,566.415,593.747,247,27.331999999999994,27.48468017578125,1,-0.15268017578125637,TRUE
P027,20,20,593.86,618.081,219,24.221000000000004,24.306396484375,1,-0.08539648437499636,TRUE
P027,21,21,618.192,643.859,232,25.66700000000003,25.7916259765625,1,-0.12462597656246999,TRUE
P027,22,22,643.97,682.637,349,38.666999999999916,38.75006103515625,1,-0.08306103515633367,TRUE
P027,23,23,682.747,706.745,217,23.998000000000047,24.14996337890625,1,-0.1519633789062027,TRUE
P027,24,24,706.858,745.635,350,38.777000000000044,38.80621337890625,1,-0.029213378906206344,TRUE
P028,1,1,251.757,482.353,2081,230.596,230.74862670898438,1,-0.15262670898437136,TRUE
P028,2,2,482.464,528.243,413,45.77900000000005,45.903564453125,1,-0.1245644531249468,TRUE
P028,3,3,528.354,571.103,387,42.74899999999991,42.87384033203125,1,-0.12484033203134004,TRUE
P028,4,4,571.214,646.995,683,75.78099999999995,75.8502197265625,1,-0.06921972656255093,TRUE
P028,5,5,647.106,665.884,170,18.77800000000002,18.8892822265625,1,-0.11128222656247999,TRUE
P028,6,6,665.995,730.648,584,64.65300000000002,64.73553466796875,1,-0.08253466796872999,TRUE
P028,7,7,730.758,748.091,157,17.33299999999997,17.541015625,1,-0.20801562500003,TRUE
P028,8,8,748.202,792.204,397,44.00199999999995,44.015380859375,1,-0.013380859375047294,TRUE
P028,9,9,792.315,831.092,350,38.77699999999993,38.9583740234375,1,-0.18137402343757003,TRUE
P028,10,10,831.204,854.758,213,23.554000000000087,23.67913818359375,1,-0.1251381835936627,TRUE
P028,11,11,854.871,875.98,191,21.109000000000037,21.13787841796875,1,-0.02887841796871271,TRUE
P028,12,12,876.091,902.982,243,26.890999999999963,27.085693359375,1,-0.1946933593750373,TRUE
P028,13,13,903.095,933.506,275,30.410999999999945,30.52410888671875,1,-0.11310888671880548,TRUE
P028,14,14,933.619,972.841,354,39.22199999999998,39.25152587890625,1,-0.02952587890627001,TRUE
P028,15,15,972.952,1006.064,299,33.111999999999966,33.2235107421875,1,-0.11151074218753365,TRUE
P028,16,16,1006.175,1020.507,130,14.331999999999994,14.526611328125,1,-0.19461132812500637,TRUE
P028,17,17,1020.62,1050.286,268,29.666000000000054,29.69586181640625,1,-0.02986181640619634,TRUE
P028,18,18,1050.397,1091.3,371,40.90300000000002,41.0137939453125,1,-0.11079394531247999,TRUE
P028,19,19,1091.41,1113.411,199,22.000999999999976,22.1383056640625,1,-0.13730566406252365,TRUE
P028,20,20,1113.522,1141.299,251,27.777000000000044,27.9022216796875,1,-0.12522167968745634,TRUE
P028,21,21,1141.41,1166.881,234,25.471000000000004,25.5562744140625,1,-0.08527441406249636,TRUE
P028,22,22,1166.988,1200.063,300,33.075000000000045,33.220703125,1,-0.14570312499995453,TRUE
P028,23,23,1200.173,1227.255,247,27.082000000000107,27.16455078125,1,-0.08255078124989268,TRUE
P028,24,24,1227.366,1293.89,604,66.52400000000011,66.7076416015625,1,-0.1836416015623854,TRUE
P029,1,1,134.84,203.59,620,68.75,68.916717529296875,1,-0.166717529296875,TRUE
P029,2,2,203.702,226.032,203,22.330000000000013,22.427719116210938,1,-0.097719116210925,TRUE
P029,3,3,226.143,263.643,341,37.49999999999997,37.617706298828125,1,-0.11770629882815342,TRUE
P029,4,4,263.752,301.007,337,37.254999999999995,37.384185791015625,1,-0.12918579101562955,TRUE
P029,5,5,301.118,351.141,452,50.023000000000025,50.065216064453125,1,-0.042216064453100444,TRUE
P029,6,6,351.253,376.182,226,24.92900000000003,25.05389404296875,1,-0.12489404296871953,TRUE
P029,7,7,376.292,397.506,192,21.214,21.39501953125,1,-0.18101953125000136,TRUE
P029,8,8,397.62,420.951,211,23.331000000000017,23.444305419921875,1,-0.11330541992185772,TRUE
P029,9,9,421.065,444.698,214,23.63299999999998,23.7191162109375,1,-0.08611621093751864,TRUE
P029,10,10,444.809,470.532,233,25.722999999999956,25.806793212890625,1,-0.08379321289066866,TRUE
P029,11,11,470.644,491.2,186,20.555999999999983,20.668304443359375,1,-0.11230444335939183,TRUE
P029,12,12,491.311,508.238,154,16.92700000000002,17.080841064453125,1,-0.15384106445310408,TRUE
P029,13,13,508.34,522.867,132,14.526999999999987,14.584686279296875,1,-0.05768627929688819,TRUE
P029,14,14,522.978,537.892,135,14.914000000000101,15.026123046875,1,-0.11212304687489905,TRUE
P029,15,15,538.003,570.393,295,32.389999999999986,32.54229736328125,1,-0.15229736328126364,TRUE
P029,16,16,570.504,584.953,131,14.448999999999955,14.5321044921875,1,-0.08310449218754457,TRUE
P029,17,17,585.064,610.545,233,25.480999999999995,25.57843017578125,1,-0.09743017578125546,TRUE
P029,18,18,610.657,634.073,212,23.41599999999994,23.60009765625,1,-0.18409765625006003,TRUE
P029,19,19,634.187,644.793,97,10.605999999999995,10.66156005859375,1,-0.05556005859375546,TRUE
P029,20,20,644.905,665.003,182,20.09800000000007,20.16851806640625,1,-0.07051806640617997,TRUE
P029,21,21,665.115,683.56,167,18.444999999999936,18.59912109375,1,-0.15412109375006366,TRUE
P029,22,22,683.672,703.118,176,19.446000000000026,19.58453369140625,1,-0.13853369140622362,TRUE
P029,23,23,703.228,720.325,155,17.097000000000094,17.1513671875,1,-0.05436718749990632,TRUE
P029,24,24,720.436,733.436,118,13,13.1121826171875,1,-0.1121826171875,TRUE
P030,1,1,427.44,457.218,269,29.77800000000002,29.90081787109375,3,-0.12281787109372999,TRUE
P030,2,2,457.327,460.439,29,3.112000000000023,32.51092529296875,3,-29.398925292968727,FALSE
P030,1,3,460.62,513.618,478,52.99800000000005,29.90081787109375,3,23.097182128906297,FALSE
P030,2,4,513.731,514.84,11,1.1090000000000373,32.51092529296875,3,-31.401925292968713,FALSE
P030,1,5,514.951,559.528,403,44.577,29.90081787109375,3,14.676182128906248,FALSE
P030,2,6,559.639,591.955,292,32.31600000000003,32.51092529296875,3,-0.19492529296871908,TRUE
P030,3,7,592.069,628.844,332,36.77500000000009,36.86163330078125,1,-0.08663330078115905,TRUE
P030,4,8,628.956,674.287,409,45.33100000000002,45.48345947265625,1,-0.15245947265623272,TRUE
P030,5,9,674.398,702.92,261,28.521999999999935,28.59136962890625,1,-0.06936962890631548,TRUE
P030,6,10,703.031,741.695,349,38.6640000000001,38.76080322265625,1,-0.09680322265614905,TRUE
P030,7,11,741.806,799.662,525,57.855999999999995,58.0091552734375,1,-0.15315527343750546,TRUE
P030,8,12,799.776,853.327,483,53.551000000000045,53.66461181640625,1,-0.11361181640620543,TRUE
P030,9,13,853.44,892.265,351,38.82499999999993,38.88433837890625,1,-0.05933837890631821,TRUE
P030,10,14,892.375,933.78,374,41.40499999999997,41.4996337890625,1,-0.09463378906252728,TRUE
P030,11,15,933.891,967.441,303,33.55000000000007,33.67474365234375,1,-0.12474365234368179,TRUE
P030,12,16,967.551,996.024,258,28.472999999999956,28.5963134765625,1,-0.12331347656254366,TRUE
P030,13,17,996.135,1061.227,588,65.0920000000001,65.175537109375,1,-0.08353710937490177,TRUE
P030,14,18,1061.338,1199.731,1263,138.39300000000003,138.5460205078125,1,-0.1530205078124709,TRUE
P030,15,19,1199.842,1241.729,378,41.886999999999944,41.998291015625,1,-0.11129101562505639,TRUE
P030,16,20,1241.84,1308.833,604,66.99300000000017,67.0625,1,-0.06949999999983447,TRUE
P030,17,21,1308.944,1349.718,368,40.774000000000115,40.926025390625,1,-0.1520253906248854,TRUE
P030,18,22,1349.829,1453.361,942,103.53200000000015,103.671630859375,1,-0.1396308593748472,TRUE
P030,19,23,1453.474,1473.806,184,20.332000000000107,20.4442138671875,1,-0.11221386718739268,TRUE
P030,20,24,1473.919,1532.467,527,58.548,58.64794921875,1,-0.09994921874999818,TRUE
P030,21,25,1532.567,1557.12,222,24.552999999999884,24.6104736328125,1,-0.057473632812616415,TRUE
P030,22,26,1557.23,1611.337,488,54.10699999999997,54.2037353515625,1,-0.0967353515625291,TRUE
P030,23,27,1611.448,1773.81,1471,162.36199999999985,162.486083984375,1,-0.12408398437514734,TRUE
P030,24,28,1773.92,1828.972,497,55.05199999999991,55.204345703125,1,-0.15234570312509277,TRUE
P031,1,1,142.771,180.984,345,38.21300000000002,38.33851623535156,1,-0.12551623535154022,TRUE
P031,2,2,181.093,232.172,462,51.07900000000001,51.18882751464844,1,-0.10982751464842977,TRUE
P031,3,3,232.284,261.177,261,28.89300000000003,29.060546875,1,-0.1675468749999709,TRUE
P031,4,4,261.289,309.616,436,48.327,48.452301025390625,1,-0.12530102539062682,TRUE
P031,5,5,309.729,423.481,1025,113.75200000000001,113.85110473632812,1,-0.09910473632811545,TRUE
P031,6,6,423.592,487.247,574,63.65500000000003,63.79461669921875,1,-0.13961669921872044,TRUE
P031,7,7,487.359,528.302,370,40.94300000000004,40.99853515625,1,-0.05553515624995953,TRUE
P031,8,8,528.413,567.734,355,39.321000000000026,39.38995361328125,1,-0.06895361328122362,TRUE
P031,9,9,567.844,619.831,469,51.986999999999966,52.111328125,1,-0.12432812500003365,TRUE
P031,10,10,619.942,662.052,380,42.110000000000014,42.2076416015625,1,-0.09764160156248636,TRUE
P031,11,11,662.164,718.664,510,56.5,56.6109619140625,1,-0.1109619140625,TRUE
P031,12,12,718.774,745.299,240,26.524999999999977,26.7188720703125,1,-0.19387207031252274,TRUE
P031,13,13,745.412,777.635,291,32.222999999999956,32.27911376953125,1,-0.056113769531293656,TRUE
P031,14,14,777.744,818.146,367,40.40199999999993,40.5731201171875,1,-0.17112011718757003,TRUE
P031,15,15,818.248,866.372,434,48.12399999999991,48.20709228515625,1,-0.08309228515634004,TRUE
P031,16,16,866.483,898.593,290,32.110000000000014,32.1512451171875,1,-0.04124511718748636,TRUE
P031,17,17,898.703,922.455,215,23.752000000000066,23.87567138671875,1,-0.1236713867186836,TRUE
P031,18,18,922.565,983.471,550,60.90599999999995,61.0709228515625,1,-0.16492285156255093,TRUE
P031,19,19,983.582,1001.137,159,17.55499999999995,17.5968017578125,1,-0.04180175781255002,TRUE
P031,20,20,1001.247,1029.552,256,28.30499999999995,28.416259765625,1,-0.11125976562505002,TRUE
P031,21,21,1029.663,1058.648,262,28.9849999999999,29.1231689453125,1,-0.13816894531260004,TRUE
P031,22,22,1058.758,1092.628,308,33.86999999999989,34.0369873046875,1,-0.16698730468760914,TRUE
P031,23,23,1092.743,1128.176,320,35.43299999999999,35.560791015625,1,-0.12779101562500728,TRUE
P031,24,24,1128.287,1142.784,132,14.497000000000071,14.5667724609375,1,-0.06977246093742906,TRUE
